id,source,title_clean,summary_clean,link,published_datetime,language,story_group_id
746dd1033251e8106c8a5ea6917a8526,BBC Hindi,"आज़मगढ़: पूजा के दौरान पत्नी, बेटे और दो पुजारियों की हत्या, हालात काबू करने को बुलाए गए कमांडो, क्या है पूरी घटना","आज़मगढ़ में एक ही घर में सात घंटों के भीतर पांच लोगों की मौत हो गई. पुलिस का कहना है कि एक ग्रामीण ने अपनी पत्नी, बेटे और उनके घर में पूजा कर रहे दो पुजारियों की गोली मारकर हत्या कर दी. पुलिस कार्रवाई में घायल हमलावर अभियुक्त की भी मौत हो गई.",https://www.bbc.com/hindi/articles/cq5yjzn6jz7jo?at_medium=RSS&at_campaign=rss,2026-09-24T02:00:18+00:00,hindi,group_0003
c609568a1c8582f5f3266ac6dba66a13,BBC Hindi,चुनाव आयोग पर आई रिपोर्ट के बाद क्यों उठी कुछ राज्यों में दोबारा चुनाव कराने की मांग,चुनाव आयोग पर एक अख़बार की रिपोर्ट के बाद कई जानकारों और विशेषज्ञों ने आयोग की कार्यप्रणाली पर सवाल उठाते हुए इसे 'लोकतंत्र के लिए चिंताजनक' बताया है. विपक्षी नेताओं ने कई राज्यों में फिर से चुनाव कराने की मांग की है.,https://www.bbc.com/hindi/articles/c699d8rnkergo?at_medium=RSS&at_campaign=rss,2026-09-24T03:08:06+00:00,hindi,group_0004
78cc52cf3f9499adfdc7fd8794d45f55,BBC Hindi,'मुझे पता ही नहीं था कि सोते समय मेरा साथी मेरा रेप कर रहा था',"एडेल ओवरटन 13 साल से स्टीवन यूडेन के साथ रिश्ते में थीं. ओवरटन को यूडेन पर पूरा भरोसा था. लेकिन ये भरोसा तब टूट गया, जब यूडेन ने माना कि वो ओवरटन का बलात्कार करते थे.",https://www.bbc.com/hindi/articles/ckjrxv8752z8o?at_medium=RSS&at_campaign=rss,2026-09-24T07:09:23+00:00,hindi,group_0005
8ebe7ed18c2d1c7d2d0caa6ef4ea8695,BBC Hindi,पैरासिटामोल की ओवरडोज़ कितनी ख़तरनाक? लगातार इतने दिनों तक न लेने की सलाह,पैरासिटामोल की ओवरडोज़ से एक छात्र के कई अंगों ने काम करना बंद कर दिया था और उसे वेंटिलेटर पर तक रखना पड़ा.,https://www.bbc.com/hindi/articles/c5vgyll4g03xo?at_medium=RSS&at_campaign=rss,2026-09-24T05:10:11+00:00,hindi,group_0006
303be78530ddcb8a2e774ad819ec3234,BBC Hindi,ज्ञानेश कुमार के बारे में जानें जिन्हें चुनाव आयोग में मतभेद की ख़बरों के बाद विपक्ष ने घेरा,केंद्रीय चुनाव आयोग और उसके चुनाव आयुक्तों की चर्चा बुधवार को सुर्ख़ियों में रही. मुख्य चुनाव आयुक्त के साथ दो अन्य आयुक्तों विवेक जोशी और सुखबीर सिंह संधू के मतभेदों की ख़बरों के बाद ज्ञानेश कुमार पर विपक्ष ने निशाना साधा है.,https://www.bbc.com/hindi/articles/c6kgwed047q5o?at_medium=RSS&at_campaign=rss,2026-09-24T02:34:18+00:00,hindi,group_0007
5c8051fb905b98d6685c8625d59e33d2,BBC Hindi,'रूसी इसे मार गिराने की कोशिश करेंगे': जब अफ़ग़ान पायलट विमान लेकर पहुँचा पाकिस्तान,अमेरिकी ख़ुफ़िया एजेंसी सीआईए की 23 मार्च 1979 की सार्वजनिक की गई विशेष विश्लेषण रिपोर्ट से पता चलता है कि अफ़ग़ान सेना में बग़ावत का सिलसिला सोवियत सेना के अफ़ग़ानिस्तान पहुंचने से पहले ही शुरू हो गया था.,https://www.bbc.com/hindi/articles/c60reyz8rnzno?at_medium=RSS&at_campaign=rss,2026-09-23T10:58:45+00:00,hindi,group_0010
c5d32d498638f53fd6647a6521e8ea78,BBC Hindi,"'टाइम आएगा, हम आपको पकड़ेंगे': चुनाव आयोग पर खोजी रिपोर्ट को लेकर क्या-क्या बोले विपक्षी नेता",अंग्रेज़ी अख़बार द इंडियन एक्सप्रेस की एक इनवेस्टिगेटिव रिपोर्ट के छपने के बाद विपक्षी दल केंद्र की मोदी सरकार और केंद्रीय चुनाव आयोग के कामकाज पर सवाल खड़े कर रहे हैं.,https://www.bbc.com/hindi/articles/cm4gjyjv1252o?at_medium=RSS&at_campaign=rss,2026-09-23T15:49:14+00:00,hindi,group_0011
0a027e2f3f307ffc47813543a5b4a126,BBC Hindi,'चुनाव आयोग को स्वतंत्र दिखना भी चाहिए': सुप्रीम कोर्ट में चुनाव आयुक्त की नियुक्ति को लेकर क्या कुछ हुआ?,चुनाव आयोग बुधवार को दिनभर सुर्ख़ियों में बना रहा. एक ओर जहां एक अंग्रेज़ी अख़बार की खोजी रिपोर्टिंग ने उसकी कार्यप्रणाली पर सवाल खड़े किए. वहीं दिन में सुप्रीम कोर्ट में हुई एक अहम सुनवाई में चुनाव आयुक्तों की नियुक्ति के कानून पर बहस हुई.,https://www.bbc.com/hindi/articles/ckpq030dp9gyo?at_medium=RSS&at_campaign=rss,2026-09-23T14:48:30+00:00,hindi,group_0012
aa7071fedffe04e9a5d284d04376e047,BBC Hindi,"जंगली बिल्ली की नई प्रजाति मिली, क्यों अहम है ये खोज","सभी जंगली और घरेलू बिल्लियां फ़ेलिडी नाम के जैविक परिवार का हिस्सा हैं. इसमें घर में पाली जाने वाली छोटी बिल्लियों से लेकर विशाल बाघों तक, आज जीवित बिल्लियों की सभी प्रजातियां शामिल हैं.",https://www.bbc.com/hindi/articles/cm780yj5z46qo?at_medium=RSS&at_campaign=rss,2026-09-23T10:26:35+00:00,hindi,group_0013
2d4d143eb26c2afe02a06323c885a7df,BBC Hindi,"एसआईआर पर चुनाव आयुक्तों की असहमति के दावे से सियासी हंगामा, विपक्ष ने मांगा ज्ञानेश कुमार का इस्तीफ़ा",अंग्रेज़ी अख़बार ‘इंडियन एक्सप्रेस’ की एक इनवेस्टिगेटिव रिपोर्ट में दावा किया गया है कि चुनाव आयोग के दो आयुक्तों ने कई मुद्दों पर पिछले 10 महीने के दौरान मुख्य चुनाव आयुक्त ज्ञानेश कुमार से असहमति जताई. इस पर सियासी घमासान मच गया है और विपक्ष ने ज्ञानेश कुमार को हटाने की मांग की हैै.,https://www.bbc.com/hindi/articles/c6j9xg84env9o?at_medium=RSS&at_campaign=rss,2026-09-23T07:02:08+00:00,hindi,group_0014
a3a7cad67b15c1920c9f81fb650dc7fc,BBC Hindi,"'यहां पहले भी कई महिलाओं संग छेड़छाड़ हुई', जमुई के लोगों ने बीबीसी को बताया- ग्राउंड रिपोर्ट","बिहार के जमुई ज़िले का एक वीडियो सोशल मीडिया पर तेज़ी से वायरल हुआ, जिसमें भीड़ दो नाबालिगों को बीच सड़क पर घेरकर उनके साथ हिंसा और यौन उत्पीड़न कर रही थी. इलाक़े के लोगों से बीबीसी ने बात की है.",https://www.bbc.com/hindi/articles/c85ydzkw25d7o?at_medium=RSS&at_campaign=rss,2026-09-23T06:07:52+00:00,hindi,group_0015
12b4059fbe333732c7148d08fc0e1913,BBC Hindi,तुर्की और मुस्लिम देशों के समूह के कश्मीर को लेकर दिए बयान का क्या है मतलब,कश्मीर के मुद्दे पर एक बार फिर तुर्की के राष्ट्रपति अर्दोआन ने संयुक्त राष्ट्र महासभा में बयान दिया है. इसके अलावा मुस्लिम देशों के समूह ओआईसी ने भी इस मुद्दे पर टिप्पणी की है.,https://www.bbc.com/hindi/articles/ck4gqyy5gm38o?at_medium=RSS&at_campaign=rss,2026-09-23T11:55:04+00:00,hindi,group_0017
4229ae8fc68470bec393997015e27cf9,BBC Hindi,"चुनाव आयोग के भीतर के ऐसे चार मामले, जब उसकी विश्वसनीयता पर उठे गंभीर सवाल",भारत की चुनावी प्रक्रिया में चुनाव आयोग की अहम भूमिका होती है लेकिन चुनाव आयोग की निष्पक्षता पर कई तरह के गंभीर सवाल उठ रहे हैं. जानिए कब-कब चुनाव आयोग के भीतर उभरे मतभेद.,https://www.bbc.com/hindi/articles/c5vgyle00xjdo?at_medium=RSS&at_campaign=rss,2026-09-23T09:18:59+00:00,hindi,group_0018
618899b69473173816876018ecec0275,BBC Hindi,"दिल्ली: नाबालिग लड़की के साथ गैंगरेप, एनकाउंटर के दौरान मुख्य अभियुक्त को लगी गोली",पुलिस ने कहा है कि गैंगरेप मामले में मुख्य अभियुक्त को एक मुठभेड़ के बाद गिरफ़्तार कर लिया है. मुठभेड़ में हुई गोलीबारी के दौरान एक गोली हेड कांस्टेबल राजेश की बुलेट-प्रूफ़ जैकेट पर लगी.,https://www.bbc.com/hindi/articles/c6ly7enyx18yo?at_medium=RSS&at_campaign=rss,2026-09-22T07:47:39+00:00,hindi,group_0019
5ff3d68da6b866d785f88a5c2b9425ac,BBC Hindi,"उबर ड्राइवर ने महिला को हाइवे पर उतारा, एक्सीडेंट में मौत, कंपनी को 380 करोड़ रुपए देने का आदेश",23 साल की एक महिला अपनी दोस्त के साथ घर लौट रही थी. उसकी दोस्त ने कार में उल्टी कर दी थी. इसके बाद कथित तौर पर उबर ड्राइवर ने कैलिफ़ोर्निया के एक हाइवे पर दोनों को कार से उतरने के लिए कहा.,https://www.bbc.com/hindi/articles/cm3eq2p03egko?at_medium=RSS&at_campaign=rss,2026-09-22T08:12:51+00:00,hindi,group_0020
8bf9600cbbce843bda644a4fecdad487,BBC Hindi,हूती कौन हैं जिन्होंने सऊदी अरब को कर रखा है परेशान,"यमन के तटीय इलाक़े में हूती हथियारबंद गुट की बढ़ती पकड़ ने इस इलाक़े में शिपिंग कारोबार को लेकर चिंता बढ़ा दी है. इसका सबसे ज़्यादा असर सऊदी अरब पर पड़ा है, जो हूतियों के ख़िलाफ़ यमन की सरकार का समर्थन करता है.",https://www.bbc.com/hindi/articles/c60re2k9yj9vo?at_medium=RSS&at_campaign=rss,2026-09-22T05:22:51+00:00,hindi,group_0021
aa74d2b60369fe0143b73fd685c859a4,BBC Hindi,जब ज़ोहरान ममदानी ने ट्रंप के सामने ही उनके ही एक फ़ैसले को ग़लत ठहरा दिया,न्यूयॉर्क के मेयर ज़ोहरान ममदानी ने अमेरिकी राष्ट्रपति डोनाल्ड ट्रंप के सामने ही पत्रकारों से प्रेस फ़्रीडम की वकालत की. ट्रंप ने हाल ही में तीन मीडिया संस्थानों को व्हाइट हाउस से बैन कर दिया था.,https://www.bbc.com/hindi/articles/cm86xd8xgqqqo?at_medium=RSS&at_campaign=rss,2026-09-22T02:37:34+00:00,hindi,group_0022
8018e8264c3509610332afd8ec96b762,BBC Hindi,दिल्ली एसआईआर: इस बूथ की ड्राफ्ट सूची में बस एक वोटर का नाम- ग्राउंड रिपोर्ट,जिन इलाक़ों के लोगों के नाम एसआईआर में हटे उनमें चांदनी चौक का बूथ नंबर 38 शामिल है. यहां की आधिकारिक एसआईआर की ड्राफ्ट सूची में महज़ एक वोटर का नाम आया है.,https://www.bbc.com/hindi/articles/c6lye8vy87p7o?at_medium=RSS&at_campaign=rss,2026-09-22T11:45:53+00:00,hindi,group_0023
d6c75e1d02ee72de41dcf2b5a7782aaf,BBC Hindi,"कहानी स्ट्रीट परफ़ॉर्मर्स की, जो कभी विदेशों में छाए, आज देश में भी गुम","इशामुद्दीन ख़ान भारत के उन जादूगरों में से एक हैं, जो सड़क पर अपनी कलाकारी दिखाते थे. वो कभी दुनिया भर में मशहूर ""ग्रेट इंडियन रोप ट्रिक"" का हिस्सा थे. लेकिन आज वो गुमनामी और ग़रीबी की ज़िंदगी जीने को मजबूर हैं.",https://www.bbc.com/hindi/articles/c64gdyl289vro?at_medium=RSS&at_campaign=rss,2026-09-22T10:08:48+00:00,hindi,group_0024
6375ada3b00f486914f598fd5814f6ba,BBC Hindi,"AI से सिर्फ़ नौकरियों को ख़तरा ही नहीं, नई नौकरियों का मौक़ा भी है- करियर कनेक्ट",क्या एआई रोज़गार के अवसर पैदा भी करेगा? करियर कनेक्ट में बता रहे हैं शिव नाडर यूनिवर्सिटी में एआई डिपार्टमेंट के हेड डॉ. आकाश सिन्हा से.,https://www.bbc.com/hindi/articles/c6y9z2ee45ydo?at_medium=RSS&at_campaign=rss,2026-09-20T11:19:35+00:00,hindi,group_0026
b82abee65617341644075f324e60cd78,BBC Hindi,कोरियन स्किन प्रोडक्ट्स इतने पॉपुलर क्यों हैं?,"डार्क सर्कल्स ठीक करने का सही तरीका क्या है, सोशल मीडिया पर वायरल हो रहे कोरियन प्रोडक्ट्स क्या वाक़ई असर करते हैं?",https://www.bbc.com/hindi/articles/cjn5dprw54ygo?at_medium=RSS&at_campaign=rss,2026-09-20T11:21:37+00:00,hindi,group_0027
8876401ce63a1acfacb15963135a0bcf,BBC Hindi,"ग्राहम स्टेंस हत्याकांड: 1999 की घटना, जिसे आज भी लोग भुला नहीं पाए- ग्राउंड रिपोर्ट",इस हिंसा में ऑस्ट्रेलियाई मिशनरी ग्राहम स्टेंस और उनके दो बेटों को भीड़ ने ज़िंदा जला दिया था. भीड़ का नेतृत्व करने का दोषी दारा सिंह को ठहराया गया था. घटना के 27 साल बाद यहां के लोगों ने क्या बताया?,https://www.bbc.com/hindi/articles/cq23x9pk4e5go?at_medium=RSS&at_campaign=rss,2026-09-19T10:29:48+00:00,hindi,group_0028
d21e991ffe51f999fa211c95d78f4f99,BBC Hindi,तमिलनाडु में ऐसे हो रही है एआई रोबोट्स की ट्रेनिंग,फैक्ट्री में काम वाले लोग और होममेकर अपने सिर पर कैमरा लगाकर अपने काम करते हैं जो बाद में एआई से चलने वाले रोबोट्स की ट्रेनिंग में काम आएंगे.,https://www.bbc.com/hindi/articles/cq62j7jdxg4po?at_medium=RSS&at_campaign=rss,2026-09-18T16:20:04+00:00,hindi,group_0029
190f7bd086936affd7436db18bca583f,BBC Hindi,बिहार में बाढ़ की वजह से लाखों बच्चों की पढ़ाई ठप- ग्राउंड रिपोर्ट,सरकार की तरफ़ से बाढ़ के दौरान बच्चों की पढ़ाई-लिखाई को लेकर कोई ठोस कदम भी नहीं उठाए गए हैं. अभिभावकों को अपने बच्चों की पढ़ाई की चिंता भी सता रही है.,https://www.bbc.com/hindi/articles/cmn5dg9grv17o?at_medium=RSS&at_campaign=rss,2026-09-18T09:42:43+00:00,hindi,group_0030
101b0d6c3830d10fff3c5a094e30dc8d,BBC Hindi,वो लड़की जो अपने मुक्कों से समाज की पाबंदियों को नॉकआउट कर रही है,"अनुरीत के पास शुरुआत में खाने को खाना नहीं था, डाइट नहीं थी, पहनने को अच्छे कपड़े नहीं थे, बॉक्सिंग करने के लिए ग्लव्स नहीं थे, लेकिन एक चीज़ थी और वही काफ़ी साबित हुई, वो थी अनुरीत की हिम्मत.",https://www.bbc.com/hindi/articles/ce8ez5znplzo?at_medium=RSS&at_campaign=rss,2026-09-13T12:02:36+00:00,hindi,group_0033
651499e512d6eaa8028c4f88878099b9,BBC Hindi,क्या जेन-ज़ी कम इंटेलिजेंट होते हैं? रिपोर्ट में सामने आईं ये बातें,"पीसा मतलब प्रोग्राम फॉर इंटरनेशनल स्टूडेंट असेसमेंट, जो 25 साल पहले शुरू हुआ था. ये हर तीन साल पर होता है. और अब 91 देशों के करीब साढ़े 7 लाख लोग ये टेस्ट देते हैं.",https://www.bbc.com/hindi/articles/c9v91wg338ko?at_medium=RSS&at_campaign=rss,2026-09-13T12:13:28+00:00,hindi,group_0034
d27485aa30c617123cfdbdc53c678d57,Google News - Govt Scheme (Hindi),"Sarkari Yojana: सरकार दे रही ट्रैक्‍टर खरीदने के पैसे, तुरंत करें ये काम - aajtak.in","Sarkari Yojana: सरकार दे रही ट्रैक्‍टर खरीदने के पैसे, तुरंत करें ये काम aajtak.in",https://news.google.com/rss/articles/CBMi8wFBVV95cUxQdXhNSEVQSi12R21fR3UzWmlNT1I5N2cxOVYxYlBCYzg5UmxlQjE2SmFZdGtORDV4Z1dIcjNTT05LTHpVTnpSbjNqb2ZaWlJka3A0Q3JyQ1Q0VWxxdGFoNnkyTFNfdlc2X1djSFp4cWRieDNfZTRGUXhKdmxnbjB3YU1rM0Niak5qUi1OVkhaSFhnQmhNcFFiOVpYMDNQVDAxMlRZYktNSzVNMXg0RGZBSk1wN3I5b3ZvREVmSUw1T3JHZ21UR0tjTUpEQ3lNUGt1X0lFazJSWjZkUHFFSWpYX2hBQVExc1VwLVlRdEZNdWUzWUHSAfMBQVVfeXFMUHV4TUhFUEotdkdtX0d1M1ppTU9SOTdnMTlWMWJQQmM4OVJsZUIxNkphWXRrTkQ1eGdXSHIzU09OS0x6VU56Um4zam9mWlpSZGtwNENyckNUNFVscXRhaDZ5MkxTX3ZXNl9XY0haeHFkYngzX2U0RlF4SnZsZ24wd2FNazNDYmpOalItTlZIWkhYZ0JoTXBRYjlaWDAzUFQwMTJUWWJLTUs1TTF4NERmQUpNcDdyOW92b0RFZklMNU9yR2dtVEdLY01KREN5TVBrdV9JRWsyUlo2ZFBxRUlqWF9oQUFRMXNVcC1ZUXRGTXVlM1lB?oc=5,2026-09-23T05:44:34+00:00,hindi,group_0035
a9cf520d3d9371012a6f2dc29b998e2e,Google News - Govt Scheme (Hindi),"शादी आप करिए, पैसा सरकार देगी... इस योजना के लिए 3 महीने पहले कर दें आवेदन, मैरिज डेट से पहले आ जाएगी राशि - News18 Hindi","शादी आप करिए, पैसा सरकार देगी... इस योजना के लिए 3 महीने पहले कर दें आवेदन, मैरिज डेट से पहले आ जाएगी राशि News18 Hindi",https://news.google.com/rss/articles/CBMi6wFBVV95cUxPR0Y2cVNQbmhmRWRTMlVQU280bWZuS2V2R2x6YUtQUVFnRlROeW1WNmxiTU9ZTzdiU2dwWXFxRTE0T1QwZ1I2UGZkbS1vZXI2N3pvTlFhU0xlYnFBZWlnZjB3clBhVlBhMFpERmJDRVVGQ0ZMOTlfdDZZSHJsNVIwUFFpb3lmWkQ1aHVmR3ViS2lEQmJBR2dyMFNDSC1nWDUyZzJnOHRaVWVNVjlkUDlfRVNrdFAyQ2tlRDMtZ0FaWmFrMldWS2otYnhYQWJHQ3JfT2lKTUx1ZmR5LU5Gak1xZW5BQnJyOVlKWU9F0gHrAUFVX3lxTE9HRjZxU1BuaGZFZFMyVVBTbzRtZm5LZXZHbHphS1BRUWdGVE55bVY2bGJNT1lPN2JTZ3BZcXFFMTRPVDBnUjZQZmRtLW9lcjY3em9OUWFTTGVicUFlaWdmMHdyUGFWUGEwWkRGYkNFVUZDRkw5OV90NllIcmw1UjBQUWlveWZaRDVodWZHdWJLaURCYkFHZ3IwU0NILWdYNTJnMmc4dFpVZU1WOWRQOV9FU2t0UDJDa2VEMy1nQVpaYWsyV1ZLai1ieFhBYkdDcl9PaUpNTHVmZHktTkZqTXFlbkFCcnI5WUpZT0U?oc=5,2026-09-23T08:55:00+00:00,hindi,group_0036
96ebb7ae464f6cbb401f2aea2b884283,Google News - Govt Scheme (Hindi),भिवानी नगर परिषद में सजी सरकारी योजनाओं की प्रदर्शनी - Amar Ujala,भिवानी नगर परिषद में सजी सरकारी योजनाओं की प्रदर्शनी Amar Ujala,https://news.google.com/rss/articles/CBMi1wFBVV95cUxPcjM4QzNQYUV2M3lBeVhwY0V0Qm9QbkJ6VHNwdW96OWVIRXpNQ3p1eHh0OWtnTzhMUDdBbFlOVXVPRVhyME1yNzBpYUtsZ2w2RWVPbFpNWGdocmZzandCTk8wWGlYWlFiYlRYVENLZkpXendrWm1hOU5yYVBZSks3Yl9RalMxTmFQcnQxeTczMUhCa1lJN2oyWGVQd2tjSDFBODNxY3RmUTV3ckduenF1ZDRlVjhZTnBHZm05ZV9IQldBelFUc2F2aDJDZ3o5VDBhWGtXOUxtSdIB3AFBVV95cUxQamI4c2pjWHVhSUtxZ3JmSkVQS1RkaFhTanNsUk5nY0dqM0V1d1NheURVR1VuM1hTMlRJZHp6SnZCcHhCeHgxMmtxRkM0ZFlpM1FxOUQ2dUgya3F2aUpJWHRGdTR6cG5OdUJGRWp1dzRXeF83TXgtTGNPajlmeGc1Z2lqaGhKeE9abWgweVdRNkQ4R0JJSzJkaGRUOEljTERhS21seUR5NFlRUTFMM3ZQUDRFY1RfdWRjV2ZCWjhGSzlKTjlVLTkycVBia2tKRi13MWs0ZThQQ242MkxB?oc=5,2026-09-23T10:41:05+00:00,hindi,group_0037
3e9bd3aff3b5b10a039771fa44810d9a,Google News - Govt Scheme (Hindi),"बिहार में 86 कृषि यंत्रों पर 80% तक सब्सिडी, 30 सितंबर तक करें आवेदन - Tractor Junction","बिहार में 86 कृषि यंत्रों पर 80% तक सब्सिडी, 30 सितंबर तक करें आवेदन Tractor Junction",https://news.google.com/rss/articles/CBMimAFBVV95cUxOOTBGUEFsc0pWS3pCLXB4S2hjYzVXV3BrajBIbDR1MzF5bTlhSGVUY3JqV0EwOFpSNHVEaGhUU21zcU9HeFBaQmc0SWFmUVA2aUxNVjkxWldXdjJfV1FsWmc2dHYzTjVBeXJWRU53dFRFelRJSVpIQmoyd2h4X2NyckFPMWctZkh5M2loaXdBYkwzNEVXX3dsd9IBoAFBVV95cUxOOGpiUFd1LTJxMjJkdElueVdDZl9reXk4NUNaTnhjZmJ6aTJtLUJlbmYtMS1pT2JzeE1tSVpYOUJub1U1WkpmQTQ5X29fUFozZjlEOHdZQlVqd3FXYkdCQ1B2MWwzd3ZHcG1UWHh1QWN0b3J6RjU3SjJHMFlTamhkbWt2NDJ4d1B4ZWhWOVYxUGR3RUdQeWFtTlpnOWlnUEZ3?oc=5,2026-09-23T08:16:43+00:00,hindi,group_0038
b4b42ac00a3480aa75a17784d14f6d94,Google News - Govt Scheme (Hindi),"अदिलपुर में महिला समूह की बैठक: 50 हजार सरकारी सहायता का मिलेगा लाभ, जरूरी दस्तावेज जमा करने अपील - Dainik Bhaskar","अदिलपुर में महिला समूह की बैठक: 50 हजार सरकारी सहायता का मिलेगा लाभ, जरूरी दस्तावेज जमा करने अपील Dainik Bhaskar",https://news.google.com/rss/articles/CBMiywFBVV95cUxOMzR5WFJBbVU5aG1RMUFoWmprSDkyOHV2QnVEQVM2OTJjMUJJb3lkUGxUVlZRaUxha0dqRUVrNFEyRm5aRGRZQ2l4ZXlSdlN6RV9OcnpXcm80OG9yTUFQSnZnUUtXMUdzX3dQTkx3OUttdmo1VDAzaG0wd2xwTUtXQ1VZSUtSSmFsYk10YUlmanhnNGxQd3V6cGZEbFFydDVrVk1GZUktUjNuN3JsWUZLN0c3WUNVek1xbTdxYmRWcE9OaWNkc1E2WERnVdIB0AFBVV95cUxPLXY4ajYxLWc3ZjdvZVNYMDRjWng1VkxTZGdLbnpKdDE5RTdJT3NxT2hBT1dnMU5qS3ZuNVdZNndGTjhuMy1xRzdjQ1g1WGc3RldfTUNkODktYTBCRzNyX2piQTA3S0dvektmZGhMWGpJRTJaQ1lMSnpfdmFQNHZhOHhBdWZlUmNpSlYzeVJiRWhaR1VQeFo3WFF3YjhEcmZ6SGU0MjN5UHBtSkJnbnBCZ01pMnl4Zng1Rjl2WWQ0OE0tcWpCbFVzZEJUZjV5Q0d1?oc=5,2026-09-23T10:42:30+00:00,hindi,group_0039
1393b7102db2fd973b0d2b2ca7e72775,Google News - Govt Scheme (Hindi),इन सरकारी योजनाओं की ब्याज दरें बदलने जा रही है क्या? किसानों को भी मिल सकता है फायदा - Jagran Josh,इन सरकारी योजनाओं की ब्याज दरें बदलने जा रही है क्या? किसानों को भी मिल सकता है फायदा Jagran Josh,https://news.google.com/rss/articles/CBMivwFBVV95cUxOTHVSWFNiWE51bk1rR0dadHhwZXFmd0ZxWW1ZT2pjVGI3cjBmdWJtVmJ0RWxpc0ZLOXVVai1vSXhYR1pjR1o4MjhUUGQzeVVyX3lqUXdZb0lpaG5oOXZsNkJwS1ZYU3FpN204dkpPSDNncjdROUI3djlYVDRCWUJHWG5rYUdZcGFkRE5sSUJ1TGc2QzZFSS13cmpSeFVtZlZtcjZpYXJhcEkyV2tHRndkQndKMGU4WjVpOXRfaW1td9IBxgFBVV95cUxPZmtvV3ZHQVRaT1I5ZUlIam5BTmVLV1B4MmhWSC11Y19xSWVLaHdRZ19NcFltNHZxd0k0UENQOENVcjhLUHlQQ3hfUzNqcGNhQjNyWmdCTS0xbmdVVnJFaktNU1l2ZDdnQUVRVkZDR2xDV3l3MlljLWI2ZkkteURSbWR6UWlBWXhCSVgtcGZSSXZTMng0ZmxrOFp2dmdGMjhNamtoRFRUXzhnRGNLdlRwVUpLZ0gzUS1lLW0wOFZucjdVR1M0MGc?oc=5,2026-09-23T10:24:03+00:00,hindi,group_0040
af5475a0ec624d44dce23d9d8875e38e,Google News - Govt Scheme (Hindi),मजदूर संघ: अधिकारों की लड़ाई और सरकारी योजनाओं पर चर्चा - Prabhat Khabar,मजदूर संघ: अधिकारों की लड़ाई और सरकारी योजनाओं पर चर्चा Prabhat Khabar,https://news.google.com/rss/articles/CBMilgFBVV95cUxOUVNKOUdqRURLUVpYNFlNNFE2V25JQ2tDNGpndmhBOUJnWWdNRFJqYjQxSjNTQ1QwUHR5bmg0SVhGV05ZbjRsMG1tNjEyNnZ4VjkyTFdBeVgwX3o3NWk5cl9QVFhqcVdYTTJKMWJFUldKYTNCdnVXRUhZNzhIMGZ2b212emxjQ21TZ2tPUWpJRmJxaklMdWc?oc=5,2026-09-19T12:03:47+00:00,hindi,group_0041
c27f1fa23b22d3ef25378033dd75397b,Google News - Govt Scheme (Hindi),"किसानों के लिए 3 सरकारी योजनाएं: पीएम किसान, मानधन और KCC का ऐसे उठाएं लाभ - Kisaan Helpline","किसानों के लिए 3 सरकारी योजनाएं: पीएम किसान, मानधन और KCC का ऐसे उठाएं लाभ Kisaan Helpline",https://news.google.com/rss/articles/CBMinAFBVV95cUxNUmdPM051MDNvb0IyZDlmdmd5aUxEZVVVRk9xTDZsQ0pfSU80NG4wOVRKRlhJYS1NQXpUVFBmTDV0MkpXUFRUYlN1ZHJwdnRDS2dwd2c1WGJMR3dHWktDdUJaZ0J4dkIxM2NRVVAyQVo0dTVreTVYYVh2akwwdGVGajNYeXg5d25iTkFZNHBFdDJKb3J5ekhtbHFhbm8?oc=5,2026-09-14T10:56:58+00:00,hindi,group_0042
d5d7d065e058e751ef80a8340debbd0a,Google News - Govt Scheme (Hindi),"Sarkari Yojana: बिहार के भूमिहीन परिवारों के लिए बड़ा अभियान, 22 सितंबर से सभी पंचायतों में लगेंगे विशेष शि... - News18 Hindi","Sarkari Yojana: बिहार के भूमिहीन परिवारों के लिए बड़ा अभियान, 22 सितंबर से सभी पंचायतों में लगेंगे विशेष शि... News18 Hindi",https://news.google.com/rss/articles/CBMiwgFBVV95cUxNNVZIT0RkWTFMZVozR0NxVW9aQ2VnTVYyeXZoYVMyRlBQZl9vdG5CVzc5cWNwU3BBNm5TQTRNRFhwN2dvd0RfRW1reFRaU0tWdW5XcmZSNkY4eXpKS1dQaWhGSHRFMHd1eVQxT0FKU2lkQjNCdVRLc2VsWVdIUnB6aUtXd0JZX3ZfMDc5RHBscE1xcHZlZGlvampHVkNXNzBhdXVNbVFHV01vb3J1R21odi1icG1qdGdSVWVmNUVXTk0yd9IBwgFBVV95cUxNNVZIT0RkWTFMZVozR0NxVW9aQ2VnTVYyeXZoYVMyRlBQZl9vdG5CVzc5cWNwU3BBNm5TQTRNRFhwN2dvd0RfRW1reFRaU0tWdW5XcmZSNkY4eXpKS1dQaWhGSHRFMHd1eVQxT0FKU2lkQjNCdVRLc2VsWVdIUnB6aUtXd0JZX3ZfMDc5RHBscE1xcHZlZGlvampHVkNXNzBhdXVNbVFHV01vb3J1R21odi1icG1qdGdSVWVmNUVXTk0ydw?oc=5,2026-09-21T16:35:11+00:00,hindi,group_0043
5cdf344acb558d4d3e25397b9b4f6625,Google News - Govt Scheme (Hindi),"केराकत में भाजपा ने लगाई ग्राम चौपाल: ग्रामीणों को दीं सरकारी योजनाओं की जानकारी, समस्याओं पर भी हुई बात - Dainik Bhaskar","केराकत में भाजपा ने लगाई ग्राम चौपाल: ग्रामीणों को दीं सरकारी योजनाओं की जानकारी, समस्याओं पर भी हुई बात Dainik Bhaskar",https://news.google.com/rss/articles/CBMi1gFBVV95cUxNdWo0VmRVbW5HcVA5bDBCUE5LSjlQRE8zVnRya2NWRmU0RmhCQWRiOGFZQVZKR0JxWG85RDJhbFc3dWdxQmdYRGJfVXAzV2EySzVLTGtla1VjdDg0LUwyOEZ0ek84am9xYjFCbHZPdlNMVnFndjR6WVp2NkNfX0ZqRkZYQnJWX0VWbElKZEtsaWMxVmxSYjRMREZXZ2VaVzBkdHJKWUVBS1BmTkFYbG9fTTg0LUJPOGdYUzlQNzBkTXl4R1V6ZjVCNjFpaHlZZHdzMV84amZR0gHbAUFVX3lxTE1KM0pjbTVIeVk0bkJzbHU4TURVUHliN1UxdHFhYkQ1dVRVZS0zTkpSeERkSm0wd1dacWJ0R3pHamdUNG1FOUJJMkhoNmppQmxGMXl3bTZZOVRNbGJ6UUNXUklsSmtXeWFNZUpidGVLY2RQTV9oaWJfalJNM1BaSTRIU1A0ZGhlTm8xZnpwTDdoMEs2ekhYVU9QSlQwdlhxWkZzX1J1cV94NWZKc2UtRGtxR3FTRWJNajJaZ0JQY3NVeUJwUGtIMTVvMkRGVk9tbnZRZS00aWNvTmRHQQ?oc=5,2026-09-23T09:40:10+00:00,hindi,group_0044
ad938b25991569737e9ea4dca30fdf51,Google News - Govt Scheme (Hindi),"बात पैसों वाली: हर महीने मिलेगी 5000 रुपये की पेंशन, जानें क्या है ये सरकारी योजना और कौन है पात्र - Amar Ujala","बात पैसों वाली: हर महीने मिलेगी 5000 रुपये की पेंशन, जानें क्या है ये सरकारी योजना और कौन है पात्र Amar Ujala",https://news.google.com/rss/articles/CBMi2AFBVV95cUxQVmc5U2RzR1ZBSW9iRXd2NmlHRXNlbVI4dTZrNVRyQjlJa0lxS29PX3M4WWJvMlVmTXppNnphY29uWXZqUnRZX1BSVFEyZU5fU2VfTkFKTjNVMXZ6VWZhdGxnSkoxb3VpY3Vod0hoTndFc1MyaXRSN0pCem9IZUVGc3NiVEdveDFFSjZtajBIVVVBTDN0a2pJRFU1bW50bzRiZHZzN29jSnMyY3k5MFN5M2Q5SVlfZWxrR01BV1ktR1hfU0NYTHRGUXhXMlhJRHJ6SGJUWjdObjfSAd4BQVVfeXFMTlRuclJLbVFSYXBvQ3QzWDZLaU1qTXlvQ3J4dEdGLUJqUXV0aWlZenlHR2hKQ3BRZmpLMHh5SEMyRTR0bFhocWRIYW0wYVdYYjd6SjN6VHRMSkdoUXFwYXZBWlA0bVpnZWQ5X2l6WVUxZzJpVEdTMElZanRtUU5UVVp3UXVrNE9VN3BfT1o0bHRtSXc5Z3NZSXZGTjYybTBwQWNRdjVBXzh3Vk40SG4yRFBUU0ljOFR5b3lXcjQxNS1MbGw2dVF4N1loM0dVYTJpN3lZY0tGc1NTbjhhczJn?oc=5,2026-09-22T08:36:49+00:00,hindi,group_0045
23cb4629358e950a3346d6eb03785166,Google News - Govt Scheme (Hindi),"अटल भूजल योजना: किसानों को जल्द मिलेगी ₹158 करोड़ की सब्सिडी, बजट आवंटित - Tractor Junction","अटल भूजल योजना: किसानों को जल्द मिलेगी ₹158 करोड़ की सब्सिडी, बजट आवंटित Tractor Junction",https://news.google.com/rss/articles/CBMisgFBVV95cUxPUjZ2dFpGMVNfb2lHMTctVnZnbGhLLW5FRVo3TWx4TUFJYVdSR0cybGF4NW5GbDNuUjZseTRtSm82V2JpVjdkVkNPam53YUJIQ1FnbjdnZWV3dENZc21oT2owUVNsV3ZZeHlvVGstaFl5enFEeVhIWFNmSHdmTzlmLXY1QlNvZ2lGaWx4RWJGcGVBZGtTUU80MlRhS240a0tURm04eUJ3WU1RZnVMX19zR2hB0gG6AUFVX3lxTE93Mm5FTFBjWVd1UmVISlpDRFduWVZYVTNZSmJqeEtnelNIbHdhUTBjYkJqMXdTQnFKaGx0ZXhYVi15Yk91UjZmb3VQSVJqUno2bzMwWWw3UFNEeWlmSG9wdFNFajZyeTl2dzJ0YjM3YWllazR4V3djUkUyOW8yQ3Z2YV9feTFiZ3pmZGhPS1dmU0JDMnBXOUV1TFhkbjctdWFXUGhHVVF3VkdETlpYOVNCMWc1RXNzUUYtZw?oc=5,2026-09-19T12:04:40+00:00,hindi,group_0046
712e6af89a95624c0af9618f99be50e2,Google News - Govt Scheme (Hindi),"सुपौल: रविवार को खुला सरकारी दफ्तर, 230 योजनाओं पर काम शुरू. - Prabhat Khabar","सुपौल: रविवार को खुला सरकारी दफ्तर, 230 योजनाओं पर काम शुरू. Prabhat Khabar",https://news.google.com/rss/articles/CBMiswFBVV95cUxQWG5Ham5jdzNuN1RRaFJyTjhBYkV4TjhEcXROdzEzNC1TSEN3YTBpVHNkRnFEYkpOUHRHT0c3MEFhT3dBd1RHSDdxUURLWVJFanZvckFwVkQwUE02S2NCcHlVaDRCbnVkNXVtamRBOW1US2Z5UDZGbjBScVBPbUU0M25KTlRFOVJBRzZMaEFRSC1YaDFEQjh2dVMzR0JMTzY1dnlJV254SkNoMkI3UWpROWJFZw?oc=5,2026-09-20T11:52:14+00:00,hindi,group_0047
e312e9622eb0bcdaa8fc15aab8dc6892,Google News - Govt Scheme (Hindi),"सरकार की धांसू स्कीम... जीवनभर 5000 रुपये पेंशन की गारंटी, समझें पूरा गणित - aajtak.in","सरकार की धांसू स्कीम... जीवनभर 5000 रुपये पेंशन की गारंटी, समझें पूरा गणित aajtak.in",https://news.google.com/rss/articles/CBMi6AFBVV95cUxNX1duMGc4UEc0LWxXTzY5UVBnZUVCejVPYVJ0SFAydjZhNHR6TmJOWEMzb28yMmZINWQ3a0FrY2U3NnJQNUNxWUtSVzhfeGFyNm02VEVqalBPNW9rYllnLW5GQjVraF9uU1lua0hPRUttS0Y0RExLZWpSNlJ0Mi1Scldwcl9rMVZkemM3ckdOakN1ci1vcXVsSWlsYlllQVJZaWJoSjlyelFaNzhqY3NYNVBsSEVIZVg4SWFKVUpFZ3hlREU3U2t3YWpKV3lkc2hfLUY3Z3lvaDBpQmJpUFVRWEFLbm5ERGc00gHuAUFVX3lxTE1SY3VjanVYcEZFNHZuOXZtMmh5b3NrXzE4di1Bcm11S3FkM3ZYcDZ1ZnBZcEoxSVhvb21acFBJTzJXUVJkWWFJeVpUcU5ibm14Z2llai1ZWDdPaUxMaUNhYXBaUERad2FsUjM3WlJjLV9rbUQyQzZUSGZuVEEzVVp2cGRQS0pVWTBuUFQ3TnBONF8zSVlCaVozTEotQTRoWDNJTTZZREV3MzB0UXF2RVdMeF95cGpObGNvMlkzbDVrSWd5UEI3NkRUdHdBeVRkNV9EQUJVVjZ2aE5rZkloQlo2dkZudjc0YWxGZjFBR2c?oc=5,2026-09-20T02:17:54+00:00,hindi,group_0048
cfd8223776e03823477d78ff504667d9,Google News - Govt Scheme (Hindi),"बिजनौर कलेक्ट्रेट में सरकारी योजनाओं की प्रदर्शनी शुरू: जिला पंचायत प्रशासक ने किया उद्घाटन, 17 अक्टूबर तक ... - Dainik Bhaskar","बिजनौर कलेक्ट्रेट में सरकारी योजनाओं की प्रदर्शनी शुरू: जिला पंचायत प्रशासक ने किया उद्घाटन, 17 अक्टूबर तक ... Dainik Bhaskar",https://news.google.com/rss/articles/CBMi0wFBVV95cUxQMFlERGxXV2V0cnJZcTZIclM0WDZOSDNSWlNHeGp0dTdyQWpjT1hOeTlOeDFNWm0zWHhRWFpNbHp4WGdVVVpZRUs4MG1OMDNWNW1hMEw0YVZqaDJiTXhRVFpEUkhjVEdBSmNmMmltcnpIZWpFWUIxY2h3dDBHc3lJbzhiTnRQbFVaWGQ3YjVrTmFqamZ0dDgwWEh0RGhsTElibkR1aW1lQk1uNWVXcTZOMmYzWUp4YldaOVNpNkoyOUszNHdGb21QOVV3djJVYi15WmdR0gHYAUFVX3lxTE9XYXBLZUpZMnVfMVQyZXExMm1KZmFEYXlmUjZBLW4tMGtsVHZzYnBkaTVqaHVEWUlncnUwWGRYSlFINktCVmNNcEd1WkNyRHlBUXdHbDdOSDMwZHBqbng3ZXFuemkyTzU1UHJjZ2hpRWJaNTJHTHNVUWhJVXFqVW13MWJqZkVHTWhZWDJJLWNYZFpva3ZSWmFoUHd2QjJrLWVQRFFHS3FzdEszaUFjdmJwOVdpR2RHQnlZVU1GUXJZVWhlYUQxQTl4dlMtT0ZWVGtwNnJ4S3Yydg?oc=5,2026-09-19T11:17:33+00:00,hindi,group_0049
7175a9c0ccec691daf07a5185c25c2b4,Google News - Govt Scheme (Hindi),"सलैया गांव में लोग खुले आसमान में रहने को मजबूर: मेजा तहसील में नहीं मिली सरकारी योजनाएं, दर-दर भटककर करते ... - Dainik Bhaskar","सलैया गांव में लोग खुले आसमान में रहने को मजबूर: मेजा तहसील में नहीं मिली सरकारी योजनाएं, दर-दर भटककर करते ... Dainik Bhaskar",https://news.google.com/rss/articles/CBMi1wFBVV95cUxPS08xWWNxZzdHMEVqa21OdDhGV1NvRy1BdEx0SUE5WGtjd2ZkQWRMai1QeHNsaG52YndCRGZzUG8xQ0lGMGNNNEVPM0d2TGtzZW8yNzRLMS1XRWRocUZmRXdqSkFZaEdGWHNoZjlFT01oekcyQTY2a3RlclBsZjhqWENheldJbkt6YmYxN3F4WWNhODFhdVVmekJTVTc5S042X1VCbGxKLW5PWWdDbWV5LVRMWmhBbTY3Q1F2UzRkeFVxVmtOSU02Ri1FSzUwNHdQaUNZUnZ2SdIB1wFBVV95cUxPS08xWWNxZzdHMEVqa21OdDhGV1NvRy1BdEx0SUE5WGtjd2ZkQWRMai1QeHNsaG52YndCRGZzUG8xQ0lGMGNNNEVPM0d2TGtzZW8yNzRLMS1XRWRocUZmRXdqSkFZaEdGWHNoZjlFT01oekcyQTY2a3RlclBsZjhqWENheldJbkt6YmYxN3F4WWNhODFhdVVmekJTVTc5S042X1VCbGxKLW5PWWdDbWV5LVRMWmhBbTY3Q1F2UzRkeFVxVmtOSU02Ri1FSzUwNHdQaUNZUnZ2SQ?oc=5,2026-09-21T05:07:44+00:00,hindi,group_0050
2786fd5f9b3f3114e726a69155f048af,Google News - Govt Scheme (Hindi),"कानपुर देहात में चौपाल में सुनी गईं ग्रामीणों की समस्याएं: अधिकारियों ने दी सरकारी योजनाओं की जानकारी, समाध... - Dainik Bhaskar","कानपुर देहात में चौपाल में सुनी गईं ग्रामीणों की समस्याएं: अधिकारियों ने दी सरकारी योजनाओं की जानकारी, समाध... Dainik Bhaskar",https://news.google.com/rss/articles/CBMi4wFBVV95cUxNM0tOOE9EcVA1elAtNk5TSEdtal9HOFplbFlXdWVBNXRfV0dFeHpjZ3Iwbk0tZU9fSUhQS0t6Q3ZFd2RpNXFGZW94NXFXTzdGWUNLX1JFcnVidlotQzlnbUxZZjliM2dHdUhYR1hpMWt1WGE0cHl2TTN4ZTZkVFFWRTVZY19DelhvYVFwWnZsVUVWSDFQM29zcm5kdDBGb29vUDBWelMyTjlwUWV1aERfYW94R1hkbUVYc0h0SEVQblZaOTF4aXE1eE1nMDQ3ZmVueUxuNGdrZG5qQzc3djEtV3lBTdIB6AFBVV95cUxNMllzTTZUQ3lvbWl4aW5JaEhFSUxZSWh1dGtKV1BFZUpTYllxT1MzWURpeEpaNjdfVnFVaWpCVXpWUVk3NEg4WW9FSXBsVWZOVldONjNpOEZzSmtURUNvMmZEQTZnTF9Zel8zcjZqUzVfNjFsWlBLVlhGNVlMU1BmQ0dIa0ZwY08tWjBWMUpTdUc0aU1Gd1dNSFRPdnpoNG5mUkY5d1pZRnNGa2drVEZEejNCNHdCTmpWMHdDbzJxRWJTNlpEUGNzYk0xalQ1NVZXWXJZb3p6eE44N2htZldEcTlmdmRad0sz?oc=5,2026-09-19T07:40:42+00:00,hindi,group_0051
bd796a672faa8f007ad97b0d466de56c,Google News - Govt Scheme (Hindi),"सासाराम : नासरीगंज में किसान सलाहकार समिति की बैठक, सरकारी योजनाओं का लाभ दिलाने और प्राकृतिक खेती पर जोर - Prabhat Khabar","सासाराम : नासरीगंज में किसान सलाहकार समिति की बैठक, सरकारी योजनाओं का लाभ दिलाने और प्राकृतिक खेती पर जोर Prabhat Khabar",https://news.google.com/rss/articles/CBMipAFBVV95cUxPM3dBdnFfcTlrYnl2c3I1QTZscmNraFNnOXdPekFvRWx6WndXTG16SzhmcWdLSElDdzlJMG1jNVl6WlBadVR0VGNYbE5YR3FKaTZnTU90ejZrYVNvODNmRGhfSEFLQnBtT1VKUEY0TVNQLXZjTWlGbnlZckhjM2U3bENTMXItc1lOMXVDV2hDQ2twOUpHazhGcG0tYXRYX3c5aUUxZg?oc=5,2026-09-20T05:57:48+00:00,hindi,group_0052
6746a76c30cd6ac5b187ff57b6c5c0bf,Google News - Govt Scheme (Hindi),"Sarkari Yojana: किसानों के लिए खजाना हैं ये 3 सरकारी स्कीम, ₹6000 कैश से लेकर पेंशन-लोन तक का मिलता है फायदा - Livemint","Sarkari Yojana: किसानों के लिए खजाना हैं ये 3 सरकारी स्कीम, ₹6000 कैश से लेकर पेंशन-लोन तक का मिलता है फायदा Livemint",https://news.google.com/rss/articles/CBMi5AFBVV95cUxNeEhIMkVjTW52bHB2TzNjT3lsZzNkY2pNdUlOMGtFRjR5V19SS2k1eENOcmQya25kTUM2SGc5SXJEdVVJMDRKR0gxUGFoTi15RExjNkJDYjZQWXdfY2UyeVMtaHpKc25CRng5YkhzUjFKLXBXSlRjTmxMUVhZOW5UbVRFV3FjVi1nTFIwWENZRXNZSTBNRF85TWZyMUxuSEp3bVlJOEM0bWIzMDViVFU5Wkd1UG82Q3JISlJSc2otUk5heW1jN3JmU1RsR1diZ3hZVmJiTzF0RmR3TnRvck1hRjl5anfSAeoBQVVfeXFMTTN2SkJfVGRuQlg0VmFaelVNQUJjM2IyRVAyTVZGX0Jock5GWTNmMVBjWHM0NGk4SDctY0M2Z0ZCTU9FMHFWWUdvdWY5YjI4cUpaY0ktaHhhNjNLMVo5V3d4dG9VU1VKV0FsUFNEOC04SXBKdjY5OGRielo2RWNOLUZUZ1dieDJGMWdrcFhPNnpOWU9UZ0ZndGNaS0F2RnZFUHBQQ3Z3dTR5Nk5CSXZieGM5RTJDdlVWcVBXMmFnRXhnSVQ3VE1RVUNPNnZaYVRaaG9wUUZ4cGRRaldRNWNLZkxfM1U4dW56SElB?oc=5,2026-09-14T07:00:00+00:00,hindi,group_0053
cd293d16ba7ca072d7d7d7aa5109fe72,Google News - Govt Scheme (Hindi),"किसानों की 3 बड़ी सरकारी योजनाएं: ₹6000, पेंशन और लोन - Prabhat Khabar","किसानों की 3 बड़ी सरकारी योजनाएं: ₹6000, पेंशन और लोन Prabhat Khabar",https://news.google.com/rss/articles/CBMilgFBVV95cUxQc0VneE5saUhvQ25KMVM0bU9yTFhyWExHWFJiTzZMZ05uQ3R5VEJqaE5RTlZUeTdzakpCZGhORHJqNEdhX04zNWF3dWIyZFBsMnFNRHk5V2VHU0ZyNUpxbWlwS2NEV2huVElvT19PSGVYSWVPbGtmTERvNEJYWlMxMUZDamNrejZrY1pjVWVyc1FPX1dkNVE?oc=5,2026-09-15T07:00:00+00:00,hindi,group_0054
5c346fe5fba98327495266307c9dae6e,Google News - Govt Scheme (Hindi),"Sarkari Yojana: मंथली ₹5000... किसान के बच्‍चों को दे रही सरकार, कैसे लें लाभ? - aajtak.in","Sarkari Yojana: मंथली ₹5000... किसान के बच्‍चों को दे रही सरकार, कैसे लें लाभ? aajtak.in",https://news.google.com/rss/articles/CBMiuAFBVV95cUxOYy1aVHdZNVdxaTJsSERPanNXaUdVWkl2cDZ1VGc5aXdkdlkzcTRrUy1fWUUxOXlvQVRyNm1PZjdpclJmNEtGc0ttSkV1bEgzN3pLdTdqalM1TnZvekJoc3VPSE9JOUw0dXlraUQwdGNvZmRSdFF6eW9FbmhYU1F4bzh2cFhiZll6VHFUTFJURVZaOXpaOHJ0M1FrMHllTEJRZXdaSjUwUTlQdnRfZWdXdEozX01DdGQy0gG-AUFVX3lxTE9RSVAxZ1Y0ak5ReVpfZHNYLTUtSEFRTFJ5aDNlYmFPQkE4bHRJcl9iX3NGUzRjRWYzS1FCR2ppbUhmcFk0c1V1Q19zcjlkaTdYY0MyNG1md2d2RXNhZXhmTGJPZ3M1MEZqZ0o1V1pwSW5yZmtXMWN6Z2Y1VzNMSjlXdlQ5ekxaU1pWUWh5dFZvSy1BNHQzVjRORmEzc0JyT1FjUlhnTXNjRkkxbkhvSDl6akZUZUpMemdhT3pGbGc?oc=5,2026-08-06T07:00:00+00:00,hindi,group_0055
6dece95275bac7ceb4f4986f91a97be0,Google News - Govt Scheme (Hindi),"Sarkari Yojana: झारखंड में सरकार दे रही बकरी-मुर्गी पालन पर 90% तक सब्सिडी, जानें कैसे मिलेगा फायदा - News18 Hindi","Sarkari Yojana: झारखंड में सरकार दे रही बकरी-मुर्गी पालन पर 90% तक सब्सिडी, जानें कैसे मिलेगा फायदा News18 Hindi",https://news.google.com/rss/articles/CBMi4wFBVV95cUxQQWc0QXA2RzNvSkZEc3c4TGJ3MnhtR2kxQ09NLWJhTUd1eUlJVy1IOThjNUNDRUtsTEw0c3FWMnlVX1dPRUhUUFlIQVQ5Qmd1WDAxcHRXd2hzVHVtOGY2Vll2OERlY2Q2MnJ3RWF2Y2Rjd25EcVdfUm5MMW9nUlFIYy1ZaVpNVE9mQWQxM1c0T1RSTkhncjZVZlpGNWh4ZTBpcmNfWC0ySGtLcXFodnVhczZmbnZtNEJ3NHdvWFVvZWFEM3NyRC05LXF3eG9XMUNjQmZoWUwyYjNBX3NiSTd5S0s2UdIB6AFBVV95cUxOUGpZZkpPN19ZYWVoa2JjZGc1QVUwZkFWWXZweVY5NURPcWcxRlNlMlpvckU4TWlMdnUteklRVnJ4cW5iNExhQVAyVDRGTEVxMk50VFNmbEEwTU12NEtCbHlwLWs4S1p3eXpGQlBDSDYzOGx0V3dhS3VMNmNEN0t5WC15TWpLSGNlRVRFOWZDd3Q3VU9LRDNqcTRTdFlJMlRseVZrYWRTMmJiOVoyUEhrSjByYnJyTUhIM2c3MllZRUYwekNWNzR1dWY3cmNVQVR0WVFpZUc3b3c2SnVjRmNXRVJDQ3ZjNHNk?oc=5,2026-09-13T07:00:00+00:00,hindi,group_0056
166aeff842c1791b1163bd3dcff63fed,Google News - Govt Scheme (Hindi),सरकार की इन 6 योजनाओं से डायरेक्ट जेब में आएगा पैसा! जानिए आप कैसे उठा सकते हैं पूरा फायदा - Jagran,सरकार की इन 6 योजनाओं से डायरेक्ट जेब में आएगा पैसा! जानिए आप कैसे उठा सकते हैं पूरा फायदा Jagran,https://news.google.com/rss/articles/CBMiuAFBVV95cUxPMlc2SGE0OUIyUWRVQ0NsWUNSeHB5cVZNellpSnV1QmVxdmNTaGxrczVhQkpGamQwLWF3X2o1Wm5IRE9nNjBDdW9nMWVqTXJ1WllQNXYxRnBHLTQ0VHZCNjJqal9jYlN0VkNXb20xd1VpZ2ZoSkpXWERMQUlZRlZLdlVwOGd6RTRyelJHY1dhTUFJQ2V2bkFrbDRmUVpPU1JNb2FhSnR6WXE4dTUyWnUzTEtKbndUTnFy?oc=5,2026-07-14T07:00:00+00:00,hindi,group_0057
fbe0feb060db9b1ede0ae9c8cfc2a7e8,Google News - Govt Scheme (Hindi),"सरकारी योजनाओं की जानकारी, नशे के खिलाफ नुक्कड़ नाटक - Prabhat Khabar","सरकारी योजनाओं की जानकारी, नशे के खिलाफ नुक्कड़ नाटक Prabhat Khabar",https://news.google.com/rss/articles/CBMingFBVV95cUxNa21wcWhyWnZBb1VZV2dTYVhQTk95cW5IbFRkZllMYWxSZzd6SDVLMlBMamRiVUZwYzlGcVdVUl9FTVpNRzVKZDZSanh5cjdQTkdKMmZlMFFPVjB6SDFSTEVVdFl3Z1FuMlZvSjFJb3ZPYzlvVm42ZUtYYWZIWUpSekZrUVB1b3VJYTFWYUE1c2JFa2pwNmk0aGhMSzBrZw?oc=5,2026-09-17T11:13:15+00:00,hindi,group_0058
abc26b3f0476374a8e41db881336fda1,Google News - Govt Scheme (Hindi),"मिशन समृद्ध गांव योजना: सरकार की बड़ी शुरुआत, हर परिवार को मिलेगा योजना का लाभ, खेती से बढ़ेगी आय - Tractor Junction","मिशन समृद्ध गांव योजना: सरकार की बड़ी शुरुआत, हर परिवार को मिलेगा योजना का लाभ, खेती से बढ़ेगी आय Tractor Junction",https://news.google.com/rss/articles/CBMiiAFBVV95cUxPZ094RVp5WTdSYWxfYXQxbjZQaS1XVGpnVngzWTFlXzl6dG5aY3E0dGkwVjRKclBDNEdMMnVpSi1DaGJRVkhuY0p5V0hMQjRsc0Qxb1ktNkFLRHBZWlI5NFd1VFJyMUtTajV3NUJMeUJTd21ESTNYUHFoaFpQblUyZ0tfeHNnM1hP0gGQAUFVX3lxTE5HeFNiVkxxRGR4UE9xc3Y2d3F5aHdSSXVwVGNxSU9lT0M2dlI1QXBWMmxoeGpHMXRxajFzY1lYc0Z2MURCeXdXaWVlVHM2YzRpa0N0WmVRNjF3VzNoajI5d0hPWmFuM2dnMDRMemV2LWFSMXQtSWxaQW5mTk9wb2NxXzZHbnZZaXA5WTJTZS1KNg?oc=5,2026-08-28T07:00:00+00:00,hindi,group_0059
5fcea20775222d61ec191e913234a52f,Google News - Govt Scheme (Hindi),"PM Awas Yojna Urban 2.0: ₹8 लाख लोन पर 4% सब्सिडी, ₹1.80 लाख तक का फायदा! बड़े काम की है ये सरकारी योजना - aajtak.in","PM Awas Yojna Urban 2.0: ₹8 लाख लोन पर 4% सब्सिडी, ₹1.80 लाख तक का फायदा! बड़े काम की है ये सरकारी योजना aajtak.in",https://news.google.com/rss/articles/CBMi5AFBVV95cUxNQWVNSWNnN0h0TVY4UW9fRklYRFQ3QmZWSTVvY042N1VZYTk3QlA4STBwTW5IUS1KMmlyZW85T2hKWElrWWk0QldrTk9aTnZkVloxWUo3blFqdkhHNk5SSGJONUhRajBuLVczX3pGNUxRSms4VnVCMUlRMDBOeGE3c0IzNmFQWUI5YTFwUDZKbzk3WXYtSWVPVGM3Yi1ING9EOE9tRHlJMTB2c3U2dTk4LTdiWlgyRHI1MW5CdU8tbHFVVVlCX2s2eExPU01VVDc3MWk4YVc3RThiay1mZGtzMVZsak7SAeoBQVVfeXFMUHRQQXZXQklmYlNDa0FPdEduWlMzcG9tckRybUNaMGh0SmdrbXJiVDBWN3JOMVFLQ2h6elRhbHRwM0lMV0NtVnVocTJpNUludHhTaDhXdnZTcGtMbFJJZHBiWWFncjFaSDVOV0VOcHp4TDVBNkhTWVBpLUU0aDdFUUNXMmhkS2VDQ25mZ09aTk1kZkU3UHY0TDNjQWFJZ3N6RkcxZVMzRjZNWTFDMVg0Y3BYcGN0MGFxc3VzRHlkRFNrREczaXQ0cU9CdE0welVoenRHdWt1c3JtNjZaOVo1S3RWeGRxZGdzbmFB?oc=5,2026-09-11T07:00:00+00:00,hindi,group_0060
6440d690032a7ea43f16f341d3f152fa,Google News - Govt Scheme (Hindi),"Sarkari Yojana: फ्री में मिलेगा 7 लाख रुपये का बीमा... नहीं देना होगा 1 भी रुपया, जानें नियम - aajtak.in","Sarkari Yojana: फ्री में मिलेगा 7 लाख रुपये का बीमा... नहीं देना होगा 1 भी रुपया, जानें नियम aajtak.in",https://news.google.com/rss/articles/CBMi0AFBVV95cUxNZjJ4TU95YW5OazdTQ3hnRUF1Vk15LXZhQTdQRGxmU0ktTzUxRmxnQU1QU05nbDIzTnBHbUxtNzZIM1RaS2Npbjg5Y3dGWGNmekRjUTlHZjBfN0txajV4MmRrM2xSSUpIWWdMZ2VWQzlLc1RMdVZoSWFvb3dfcVVYaTdFcjhvUzhHZHp3bW1HX25wQ1l2Z3dLdjM3VnJSS2c2V0drZGVxRkZxRXk0aWVDLVpiV3duendCcmlMNWI0UE42cktOLTVQaDB5QnhyLUt00gHWAUFVX3lxTFBKa2JnazFYQXB2dW5nUnZWTmtmZVFydXl4VU1haTBCSWJGZmJXMS1SVnRhdF9Ca2dqM1NVVFhlZlNkdTBHSUNYNnJnZ3pSclNnU2k1Y3NIZDBZUG0tN3p6Q2pfdlZwMkI4eWlDOVNwX0hRSkh5MzhsS1g3VzJsUlFib1lzTFROSUd2THJpcGtNdnRoNzRQWURJYmtxTlp6c3RCNThaMkoxM29CVXcwWENRb0ppbnNrZDVpLVhydUxSbWhOdHluRFNWQnhPckptbnlTN18yQ1E?oc=5,2026-08-21T07:00:00+00:00,hindi,group_0061
ba8baa969e54d7220e112cc09b96239a,Google News - Govt Scheme (Hindi),"कमाल है ये सरकारी स्‍कीम... 16,00,000 रुपये देगी, कैसे लें लाभ? - aajtak.in","कमाल है ये सरकारी स्‍कीम... 16,00,000 रुपये देगी, कैसे लें लाभ? aajtak.in",https://news.google.com/rss/articles/CBMiwwFBVV95cUxNWXJudTd4bE9QM3RDTzI0ZDJFaTVZelcwdS1OZ3VrWm1fSUN4bU9XWGpDMEZIdDVVMGlvRjhvWW9YdGVtaUlBSllIYXFhR2hJR002YWJGd0l3ZjllSmVXb3RqaDB5Y2NrMlJnYlNTbXFUVzIzR3VoZGVrWXl6d0FYeF9fLWlPb2NzSjlERGUtMUt3MFJrV0JWSHRkMGRhZV9LSndWXzVqZUlnOFU2VF80OE5VNHhVa3gzQkFVemFFdV9pX2vSAcgBQVVfeXFMTXAxSDgyV1NXQWpDYkg1RHJYWnlCU2FNakFMM21odEZQRHg5ZHJBbWpEaGhqeUdvOUNPZ0ctZXRRNjI4SDQ4U1MwVFJiRHJJdnFNV3ZvSkhXZTRKSENnVEtnUDNFUHVVQ2R1c3J1dDV2cG1FLVFyLTJaM3pXWThkdUhGaDRWazhiY2VvYmliTEJQVmxYcmZRUmNwa0gyeDlTa1VBWUl1RWw3cDNSN29XQzFwWE9CaXV6Z1MxUmN5VVdMRzNhSWI4QWc?oc=5,2026-08-19T07:00:00+00:00,hindi,group_0062
c0c34adf11f46f6050b67b899a4e4680,Google News - Govt Scheme (Hindi),"Annapurna Yojana: आज से शुरू हुई ये सरकारी योजना, इसके तहत हर महीने दिए जा रहे ₹3000, घर बैठे मिनटों में करें अप्लाई - Hindustan","Annapurna Yojana: आज से शुरू हुई ये सरकारी योजना, इसके तहत हर महीने दिए जा रहे ₹3000, घर बैठे मिनटों में करें अप्लाई Hindustan",https://news.google.com/rss/articles/CBMilAJBVV95cUxPMWZXcWpRM3ZlYVpjRWRuaFBCSV9XVms1WHM2dVg5Q1hBb1dfbmozNHBVRlA5VVhCSmpPeFpxaFREbk9TVEI1VThVMGNoSWgxOGdKcHZqcURhcjl3YnJwX2E4c0tCb04tNGtzTHBrLUsyV1ZpQlN6ZVBYUGZKSmZxUVI1UmVueE5MRk1NdDRWbHBTVkdqT0ktQkJJSDc2TjdEMWJmTDE0SVRsMEhxZ1Ixelg1Y0ZhVGlhQ0tOeUlTQW1aeEhfNTh4X2tkM1VnTHRJUnZOOExhbENfVUV4TFNYYkF4WkpfcEZtYjEyR1lzN3J2QVU3QXd4X2UxRm10STFndjdCQk5NejdjbW5qcFZWeXFWVkE?oc=5,2026-06-01T07:00:00+00:00,hindi,group_0063
c3d5d6deeba2f5fba821a9ac2051d4eb,Google News - Govt Scheme (Hindi),"भोजासर में ग्रामीण सेवा फॉलोअप शिविर: कई विभागों के अधिकारियों ने सुनी समस्याएं, सरकारी योजनाओं की जानकारी ... - Dainik Bhaskar","भोजासर में ग्रामीण सेवा फॉलोअप शिविर: कई विभागों के अधिकारियों ने सुनी समस्याएं, सरकारी योजनाओं की जानकारी ... Dainik Bhaskar",https://news.google.com/rss/articles/CBMiywFBVV95cUxQdGREV1pITzlheTNjZlZaUS1fR2VkcndicDFSOWlaZzR3Vzh0OEFGRFlGOWRmdFpJQ1J0MHNDNWxzSURDLVFCSlV3Ry1jSUc0OU8zNWVySy0xeU1VcjF0SW1idXd5a0N6eG5fMEc1TTZWU1lTczVkRjVBc0FSTElHYTFURDFBVkFPdzNJSktGVnJ4Qk5TVjYyMTVUVXVkeklPOVlzSzZvZGNFeGdqc2RQMThvdC1xblBWQXJfUGRxQlZnWThLTy01Rnhmb9IB0AFBVV95cUxOaERvZ2l5eUNjTXhrLU56N0wyUHpUMy13Wm4zVGpWaHV5UU80anM3V1ExWm9zSThrM0poZ2RRVE5pWHoxNVpzQ2xMUkpzVHZWdEhQV0xsQXBSUG1qN0VfWVVXNmVnUVN1V0pXcHI4UTc5YjFfc1VlUDJ0TGRZeVg2QkpzM0JoQjBlNEpqMkRULTh6NV9wWWpkYjF1cUp3WGQ5S1dwSm5MOEkyRVFRMThMZUFYN0t4OUFFemRRY0dqUmVVWGFIdXJuNkl5UTdFTDhJ?oc=5,2026-08-03T07:00:00+00:00,hindi,group_0064
e1316cd00019b87c1d08c335dd14cdc3,Google News - Govt Scheme (Hindi),"किसानों के लिए UP सरकार का तोहफा, इस एक योजना से बदल जाएगी जिंदगी, मिलेगी 90 प्रतिशत सब्सिडी - News18 Hindi","किसानों के लिए UP सरकार का तोहफा, इस एक योजना से बदल जाएगी जिंदगी, मिलेगी 90 प्रतिशत सब्सिडी News18 Hindi",https://news.google.com/rss/articles/CBMi8wFBVV95cUxQQUFBSC1KWS1BanJQTGpLQkFpazhxWjMyN3ZTNkRUNTdCLU42RzU5c1dlcHRWcFZCa056dU84VHhOQ195ckFCQ25TdjllcE9VZkEwbEdMT3A5MmFncHU4SUwxYnB5a0VBZXdSdms4bmpHOGNwNWtrakNyUUViQTduUlJRazZfNDBFa3NPYm5abk1aVnVDbE1NbklrOFZhMmNVa1d4SklQbDY2N0xDLVZ5d0xFaFZDTW5ZWU1iajBwUkdOUnl5SXZhUktjZkh3ajZZdjJfMnVFU1JYUmNCOW1RbnhVMWpwTjZaQmpTY19XX1JhdlXSAfgBQVVfeXFMT01Pa0lCRkVNODFVazg2UWRJZGNwR1JZUzIxSDE1OVlaSmpIeEVSSjd6RlM2OEFSaTRDclNUWUVQbktNRWZ1ZU5PUUd4TjJNVmNsdmRLekE0d0pLSzlLbE9UMklaVkFuT093ZlhOOUhyejVmRlZ2akhZYUFwbzM0VTVuSy1RN2xDd0I0d1R0YWFZcWFsaHlBTndfeDZrQ2d0ZWNZQU9GTkgtZTIzUnBHY2daS0hNNnBEU0ZzYlJhV2NPLWFrWXVma2wzMHZuLXJUVWpQeUwyZUZzbndfSnN2Mi0yNG1leFZMbHVMUmZpU3RBd0ctSDctSWY?oc=5,2026-09-03T07:00:00+00:00,hindi,group_0065
ad2b7e0125b7a59a803b7b69e673c6ae,Google News - Govt Scheme (Hindi),"UP Scooty Scheme: 50 हजार बेटियों को जल्द मिलेगी फ्री में स्कूटी, सरकार देगी रजिस्ट्रेशन-इंश्योरेंस का खर्च - Livemint","UP Scooty Scheme: 50 हजार बेटियों को जल्द मिलेगी फ्री में स्कूटी, सरकार देगी रजिस्ट्रेशन-इंश्योरेंस का खर्च Livemint",https://news.google.com/rss/articles/CBMiwAFBVV95cUxPNDQzOEZaYlpwNHJvem5yMlRVLUxkVWJtLVN3VnZhUHBLTWxQVjAwQm1pSFdOX3RSLS1zWF85Q2NIXzc2UFhhaVFROTJYUmE0S19mM0dJTFZhb2FDVmI2eFhuV2pocGZYeDVaX1V6ckUyTzMtUlVVNndFd2ZJUGdUa2Jadm5XRXZnMDMzZDY1ZDdZZHVUbE9fYkh1LXdyd3JfX3IwRGI2cUV2emhiOThKTUhQcW8zRjVLSDl4VlRpOWzSAcYBQVVfeXFMTkZ4cXhhNE9KblRlMUVLd0hoQVZDVlVyQUQ1RHItUGs4b3p5c0pSQU1KTy1HUzExLXktY25FOW4teEItRG9Yd0U2a19KUE5iQjl0dHEzdFpmb240cElYNzJyYzl1ZnFoOUVISmdSaTdZd2VpZkszS284cWMwQzJ6WDk2VDJOMkhKTVRVbkY2R0g1TXY4U0tpNldPWUpHMW5XNmlmSHh1SFRvT09CSlpHa2hoNF9DQjhTRk41QTlMSHhCUUtnTnlR?oc=5,2026-09-09T07:00:00+00:00,hindi,group_0066
6828fafaa716ae1989df2ed8557932b2,Google News - Govt Scheme (Hindi),"उत्तर प्रदेश में महिलाओं और बेटियों के लिए कौन-कौन सी योजना, किस स्कीम में कितना पैसा देती है सरकार - ndtv.in","उत्तर प्रदेश में महिलाओं और बेटियों के लिए कौन-कौन सी योजना, किस स्कीम में कितना पैसा देती है सरकार ndtv.in",https://news.google.com/rss/articles/CBMi2gFBVV95cUxQeGdoeVBMNDdZUzVLR1RkTjFpSUEyVmpROU1GYjVjeXJ3Z2ZxRzZsRnZqVnRxdVRPX1ZaandXaTZTbFlVc2tMQXJZVVhhVTk4bGMxU3dPQUc0R0NNaTB3ZTRfNk1DczlEY0ZwVTlZWnh1TGsxaTdLYi1iam5CU3BJRUtIX0FiejhfVXN5ZjRVZjk2WEdrdGlmbE1iMk13LTJfUG1ISXZSanVheXZoTDduZmt4YzVMWXBRNWhfUS1QUEl3SU90ZnhjOEFlNjlBWEpESURSc2ZHX0RXQQ?oc=5,2026-08-20T07:00:00+00:00,hindi,group_0067
1931cb6355213bc87c3f0135b452cf6c,Google News - Govt Scheme (Hindi),"Sarkari Yojana: क्या फसल बर्बाद होने का है डर? केंद्र सरकार की ये स्कीम है वरदान, जानिए किसान कब तक कर सकते हैं आवेदन - Livemint","Sarkari Yojana: क्या फसल बर्बाद होने का है डर? केंद्र सरकार की ये स्कीम है वरदान, जानिए किसान कब तक कर सकते हैं आवेदन Livemint",https://news.google.com/rss/articles/CBMi8wFBVV95cUxQWDlkbFNidzN3SEw3Smx6QldJaXlsNkFJNHpzc2pwaHNyOUo5VGp6ZkhPNWQzbnNWWHNGQ2xQTlNxck50cW5IWk5tcmZJRzZwNjlmSUt4U3BYWmxRTTlabVhHLUVLbkEyYVVNVVc0OEl5UTFvZ240RzFDblRTdWY5VnBtMUZOQkFWcTlVNnFIVlBLa29VOEJKZ2lKSUt2QW1sajItQ3UzYzdudzF6a0hIWWZEME9kcmtjS3hQbjNVdWhHeWUydEM1cWV0azF2bkFZeG4xeUVoOTZTM3V6QmVsaEFtN2IzclpfLUpIanl2dDJ3RjjSAfgBQVVfeXFMUDE1YzBBd01BV3Q3OGdXUm9JcGRJSm1jMHZqVTNLdXV1ZG1jSF92WjlDNVpXTW9XdURpMEFfNlNBMERXRFMzREtrX2FaVjdSc0JxRXlZOWlDRmNzbEh4NmZodzJtalh0LWM3dzdSdDhaQlh2TWpJMWFMM3FFMjVNeFF6bFM3bHNFb29HaWRYRV9pbk5ObURRSWtIR0Q1T2dVYjl2SVZIejlRNnRMLWlHaTl6U1RwSWRzVDJESlJSUHdLUmFDR3hleEdIN3hLN3FuQVpmX2FUeGRfekIzOGtfYzJEMkVIVFllbGpCMkEwUDdhamRIbjViaEg?oc=5,2026-07-15T07:00:00+00:00,hindi,group_0068
e85f934412dd75cf903df9dfc292589e,Google News - Govt Scheme (Hindi),"₹20 लाख का लोन बांट रही सरकार, वो भी गारंटी फ्री... जानिए किसे मिलेगा - aajtak.in","₹20 लाख का लोन बांट रही सरकार, वो भी गारंटी फ्री... जानिए किसे मिलेगा aajtak.in",https://news.google.com/rss/articles/CBMi-wFBVV95cUxPTkZHY3RReUt3R2xYVm56aF9EMVkzU0lfd2ozQzF2ME9QY1hmRUtjVzJ4UzNNOUx4dGdkVk4wekFqSlRfanRGTFR6d0FScFQxWnVibkVsUllPTzM1NDZlQk0zRDk1MDBxSlVYb24wbzFzYk00VW5MV2FtRVU0ZFJ6bEVBWjFkU0lvc2otSWtZaUlpODZvSkFBQ2JDc291ZWVTSmpENFJMQ3JOVmJvdHJqaWxWZm80dTROcmp2SURLcUJLU2lfMGxfaDZsSTR4SWpaUjRiTGRCYXhNdEJQSkFLYTJPSEdRV1pxYXo5bnJKdlRockh4SktRdmJsc9IBgAJBVV95cUxPaXVqNlF1WE1YcGFwNEpySlduOW5TLWJseGtqeU5hdHIzMWN4TEFJN2U4aXJEV3g2X3JxVExaVlk4Q21WTFNjRDVJLWI1QnlXUE04V1VpdnBSbGlZekEyUFlTdUVUcXRyOXhDN01Ud2lIMG0yWDRfVGFxS25teWd0N18zWTBJU2ZwdHZ0WnVSVzNPWXVLeFZObkU5Q2xvcmRwVklzNDZIMVAwRm91aF8wOV8tdi1JTElKVzdPVjJ5aXlTY0tadUp1dTNCMkdnQTAzT1VDV1ROR2hDSTlqY3pCLXlZNXNKMGNoRGFFR3RGR25oSkJJdkNseXc5MHBhcjVE?oc=5,2026-08-27T07:00:00+00:00,hindi,group_0069
76729f2fd2ead4b99f0fdcf4171b3c81,Google News - Govt Scheme (Hindi),"104 वर्षीय वृद्धा के घर पहुंचा प्रशासन: बिना शिविर आए मिला सरकारी योजनाओं का लाभ, संवेदनशील पहल बनी मिसाल - Dainik Bhaskar","104 वर्षीय वृद्धा के घर पहुंचा प्रशासन: बिना शिविर आए मिला सरकारी योजनाओं का लाभ, संवेदनशील पहल बनी मिसाल Dainik Bhaskar",https://news.google.com/rss/articles/CBMi3gFBVV95cUxOVkdCSFc4RzdzQnVoeE9ZZy01c1c1UnhvTFVQM0tORzJ0RHFhXzZRbUxRWTluZkh6V2xvTk1zYmtaRWVpSXByUV9wS3htV01pemI0TGhUc2xYSkloUVU4aXdLa1lmLTd2TjJXeXZIa3ZFdmVZTGtMUl9Zd3Zkd3RIbXB0MmRFWmh3WWlaVVJzZzUzZnozMDBkMXdzOThmTVpERkVFaktXMm5lNWJUQkhoYVdwVnRSbElBdG1mLW5Sd2g4dTJVb2JDOUN2OEtlMFFQbGx3R3cxeWUtbkN0c0HSAeMBQVVfeXFMT3B4NU1CWXpxdVdVaUNIOTVQYVltWmxodjJZRFdCNElNbVlrUjVhY1ZpNU5vTEFwZUlZaDRBWWhxZVphZTlVR0hhUU10SmtLcWQ3ODZ2VFc0TDNvbWhzNkt3T0J6WVQ5QXhjRFdFdDNSWXU3S3Q5bHZpN3JSRmJZbnZWb2JVZFluVEtJc2NwVWM2bXRuZkpIdXVqWDNndy1hay13UDlhT3Z0R2FKSE9obG1BcXBMZDByNjlETW9LTlFURlptNWpKc0pqa1F4ZHB5QmxPaVdjSjFZZVUzMG5JT2QtRnc?oc=5,2026-07-02T13:40:17+00:00,hindi,group_0070
a125208355fcf346b86261c78f4b35f5,Google News - Govt Scheme (Hindi),"UP में AI की एंट्री! अब ऐसे बदलेगा सरकारी योजनाओं का सिस्टम, स्कॉलरशिप से पेंशन तक होगी कड़ी निगरानी, जानें सरकार का नया प्लान - Prabhat Khabar","UP में AI की एंट्री! अब ऐसे बदलेगा सरकारी योजनाओं का सिस्टम, स्कॉलरशिप से पेंशन तक होगी कड़ी निगरानी, जानें सरकार का नया प्लान Prabhat Khabar",https://news.google.com/rss/articles/CBMivgFBVV95cUxQdnJLdEZpMmV2NHlOcjVmWDRkR2VsbUluc2VyZzRqX3hsdU53UXJhamVNOEF6bHFRTUo0TUdycFRaOTZxbUN0d3owTlVoajFnWDMtNW91RkpZbTJrdUZsS1pBLXRQZEZ6WVRJVXRYbXE3bFRKM01yck5LdjVhOFY1alFneTVQb2c3ak9Sa0hKbHNOU3J2Z182TTNZdnhqamdNVk5WZFRYcHVUVjBYUHlveGppc19aSklFajd2Ynln?oc=5,2026-09-11T07:00:00+00:00,hindi,group_0071
51770658ab2ebd0305df34d6f3308b49,Google News - Govt Scheme (Hindi),"बात सरकारी योजना की: लोन से लेकर रोजाना 500 रुपये की आर्थिक मदद जैसे कई लाभ, जानें इस स्कीम के बारे में - Amar Ujala","बात सरकारी योजना की: लोन से लेकर रोजाना 500 रुपये की आर्थिक मदद जैसे कई लाभ, जानें इस स्कीम के बारे में Amar Ujala",https://news.google.com/rss/articles/CBMizwFBVV95cUxOTGhYaE15NTJ0SnVJXzZacnAzMTJEUHpPY3dJbW5YeF9yVy1ZenZmd0JDMG9VZExiVWJNNWNFdk1EWmNwMjBrVVNoM3pvdldCR1ROODdYaHhLOWIzd3dYaElvRnhnV2FlMzZrbUZHRVN4NjdGZV9IYkVMMklYX3B5Tm84dkU4T2o3dFZ3aDFES1BzcXZqX1hzQW9xdE9TM3NtYWVvNnhBMzdETlplaXhpNHFNektjZm9OVHR0Wkc2WW5QSVBmdFRSMUd2cm5NY2vSAdQBQVVfeXFMTWVoS0l1Sl9YTUpuRGpjNWpqbjUzZDhLZ2Z0NEhDRkd3NlBXUGNJMEpNc0lhWjFXTFdxMU1fcTZZaVNSRzMtSnpxTXItQU52RzJyQ0FNUkJvekp1dlk1LXdybloxcnQ3Y3hGT3lIWS04cGw2S3NWem1kdGZ6M3BpeEVIdU1kak5iV0lOckFDVWRGU1BoUVg2N2dSOG5kVk0tMHhKbXY0WUl1M3hEM2hwNHFLRXpjSXVkTWlGaDF5UVQyZWtEbkl1eE10cnRndDk2Z1hUQVc?oc=5,2026-08-29T07:00:00+00:00,hindi,group_0072
1c4b72215847bdd67eaf687fbfb5ef13,Google News - Govt Scheme (Hindi),नाहर छपरा मुसहर बस्ती में लगी सरकारी योजनाओं की चौपाल: एक सप्ताह में दस्तावेज दुरुस्त कराने के निर्देश दिए गए - Dainik Bhaskar,नाहर छपरा मुसहर बस्ती में लगी सरकारी योजनाओं की चौपाल: एक सप्ताह में दस्तावेज दुरुस्त कराने के निर्देश दिए गए Dainik Bhaskar,https://news.google.com/rss/articles/CBMi5wFBVV95cUxPT09ZZllsUzRiT0stblVLX1BBcTJzR1dETkZSOHVSSDF3SlNEeUhHM3BuOE9JaTFndENEX1ZzejFpcHdMT3BralZaMlAwYjlPM2FsLU9XNkNORTRwRnVwb1ZTXzJtcHBjSHloSG5PR0FhbFBzREktd1Q2S2JVTG1ERnRuenJmTmluWERYYnlZdHhobVR0a014QXRiQ1ZFQWVDVmpKMHZ5UVYxSFQ4YldBOVI5UFh5aTUxQzFfNTdTYW1ObTE2dmZUQ3h3YzRWS0E0WTQtSlNuWlNObHV0SFhjYjJQZnR5cGPSAewBQVVfeXFMTXVHV1FhdTl2ek4wMFVBcGJXRVcwMHdPV3Zmd2o3cnpJWERmSWl0RVNEWG1FbUJRYTBPN2FXVDVkZHJTRzltWUNyRVVvLXVWaC1KYlQ3c1dwRzJ1dmdDcG9GQ1NKOW9uT291dnBldGZKd2F3d2cyVTE4NnBFSF9iWlpXUTdvYTVkb01qb3ZnMzdLOXhjOTNQaGpWS2NHM0tTRTA4THA4LXhuMW1yemtqYXAxLWFBcGtTOGpkclRkVFJGMjFzX0Exa1I3UklvQVF1QVRKWHE0c3RnNlFwSUF5Z1dELUdkV2dGQlFOSTM?oc=5,2026-09-07T07:00:00+00:00,hindi,group_0073
87dfad8f06626cb2ad5a26e19afb1a73,Google News - Govt Scheme (Hindi),"किसान राज्य की अर्थव्यवस्था की रीढ़, सरकारी योजनाओं का उठायें लाभ : टंकधर त्रिपाठी - Prabhat Khabar","किसान राज्य की अर्थव्यवस्था की रीढ़, सरकारी योजनाओं का उठायें लाभ : टंकधर त्रिपाठी Prabhat Khabar",https://news.google.com/rss/articles/CBMinwFBVV95cUxNQ08yOW9tMFEzNTJHZm5FOUhsdkw4eUg4OVQza1lrM09VUmVwNVpWS2hjUjdfRGduQzdkSGhadUY4N2VmWkUxY3lnbUgyWnZJR0RYbnJmMWNHOHF2Ti1RTUs0S2Fqekt4M2YzSjR2WE94eV81djhkTnBDRlIwWXVILS04eGJpeExwVk9KOEZlUzNFbmVxTm8tczJDT25SbDg?oc=5,2026-09-07T07:00:00+00:00,hindi,group_0074
b1c29f6913e8387beed30a22db6fb104,Google News - Govt Scheme (Hindi),बिल्लो पंचायत में 7 जुलाई को लगेगा 'सहयोग शिविर': बीडीओ बोले- सरकारी सेवाओं के लिए नहीं भटकेंगे ग्रामीण - Dainik Bhaskar,बिल्लो पंचायत में 7 जुलाई को लगेगा 'सहयोग शिविर': बीडीओ बोले- सरकारी सेवाओं के लिए नहीं भटकेंगे ग्रामीण Dainik Bhaskar,https://news.google.com/rss/articles/CBMi3AFBVV95cUxNQzZXVWRGU0J3SEdDc3FDSWk1MFB0cXRFazFVRjI1c3JZZUN3MXR1US1GQURqMTB3engyMW1JNFlyTTYxQUtQRGNVZFFkeTlILU05Q0N0V0s2bmRFQUJ1U3J6a0tHRVI5RjhQYm1iSExQRm1VelRUNnJ1cTNnVHpJaHM3RnNET1JrbVVzUDNHaUk3YW9wVk1odGtKSnlYRDAzZzNweVZubXF5NmJvMWhJWFhyMjcwclpkYU1lR0h4SjdKY2dOSGthTDdJQ1h2dEk4VUF6bTlvVTRsMUxY0gHiAUFVX3lxTE5iMDV0RHMyMGw0Nnh0SE1hd3pTZFFwaTE0WkJQTThEVnFuUDJXR1dfbW9kaUstTkVjTTZ0ZlFlNW54MktBZmo5Wkk4aVA0ZmVYSkdnLS10ajhtc2pRV3h4UWw4YzJmZ0JUMEFtMVU5dnZhSXJRNXNYdTlYT0hGUEVWOHNDM3dvRmE5R3F5NWotTTFVNXpMc0h2WlJOSTlFMlRCcllLX21RN2w4TmtaNlpGbmVENDA4NHdZckFLOF90WnN6YTJ3MngzNDRacUs1LV9YaDlYNTJyb3lINm45ampPa3c?oc=5,2026-07-03T07:53:53+00:00,hindi,group_0075
c1d415fb068c25756ff1e0e9d89a86b3,Google News - Govt Scheme (Hindi),"घर में बेटी है तो जान लें ये 5 योजनाएं: जन्म, पढ़ाई और शादी तक का पूरा खर्च उठा रही सरकार; ऐसे करें आवेदन - Dainik Bhaskar","घर में बेटी है तो जान लें ये 5 योजनाएं: जन्म, पढ़ाई और शादी तक का पूरा खर्च उठा रही सरकार; ऐसे करें आवेदन Dainik Bhaskar",https://news.google.com/rss/articles/CBMi6gFBVV95cUxOdGlIUkZPZlRzdUszZHNYTkVOQVZ0UjBwRWp2a0xNd2RXTmFIZXhiYWNLbVdXRHVSc3ZVX285dGp0N25fSE4tT29lVmtuQXN2THdTcldNdWhaOFR5SHZ3Qjl6aWxYeUtGVTNQZTRXZEtqSEdidlo2b29yNnpEaHBCTFdBbWJtdmJEbC11THd4ekFyQzBuTVdoZlNLUTRMNUE0Zk5hWWVoN2pabTl1RUFqeXlGZjlCM0J5eWp2ZmhVdEJ0U3VybXJKNWNQUTF6cGtsdmJ6SUY0djF3T0FyVjJWdFhRUWI1Y21qUFHSAe8BQVVfeXFMUGtJZ0pWMDhZYnY1VGRSOTl2ZnppbUlwSUFXaHBrMHN6RlJPRjFnQWZNSl9FQjF3NE1xNzRpaWxkNnhJcXJIYkJNLW1fb2R3emNUZTFXSWViWnJwc2JONmpqSU54TVgyWmNNN3ozUV95M0dkU1M4Z2RPcjF0SWE2aklyNWowX0RLcUNiMlNsZlhjdmhnUHN2Z2t5dVhVRnY2OXRSOTd2Smp3b1ZUdXpaZDctS2xrUmRUNjlzck5jV2Y4SFFmWXcwNEVCMkJoZGt4amNoTjQ0eVNJTzcwMXJVdXpsQjVNMks1eEJZTUFxLTA?oc=5,2026-07-17T07:00:00+00:00,hindi,group_0076
628f4bffd26d9b931d209da097a73450,Google News - Govt Scheme (Hindi),"Alert: पैसा कटा या नहीं... चेक करें अकाउंट, वरना इन दो सरकारी योजनाओं से हो जाएंगे OUT - aajtak.in","Alert: पैसा कटा या नहीं... चेक करें अकाउंट, वरना इन दो सरकारी योजनाओं से हो जाएंगे OUT aajtak.in",https://news.google.com/rss/articles/CBMizwFBVV95cUxNTmVadGlVQUZ3bkhVekFVdy1NWi0wekJpSmxWYTYzd3ZjMjlLSENJdW84Y3N1NkpHZW94N2phaHVPSlRKSnVHUnZ0YmVMc1k2SEVzQW9PXzFRRUtQQzVYZHQwMXJGZjN1T0hsc0RfaTlHNVNMVlVFOTB6QXB0ZEpnbXdPeEIwZFU2aHVjYjUwejNpdEVfMGZhMzJNb2FXN0hHZWVZbTg1NUd0MUthejZCOGdCUjd4Qzk5YzJBTGIzWXhCTklxSFlzNzJtZmxleDjSAdQBQVVfeXFMUG16RWt6QUVhVU9xY1E3TVdwTjN0WU9FemJCTTlpY1ZhZ3dFckczaTIyVnV4Y2RXcW9zNXVjdDhwQ2VHMTI2ZmpJeHJaNHN0UFluYnVpbjZIcHJ4c09jcHZCMGVZOTJPLTRFc25hYWRHakdmQjB2WXBSWlc4bmZGSEZzSWRlemNMX1c5OW5YY1UtNjVZMlVhZkZUZjAwY3RXbEUwS1duMUE4QVpIeS05WWNHSjAtUWhaQmg4V0E2VldyRU94ZlhpdUk5bUc5MVN3SmVMODE?oc=5,2026-05-18T07:00:00+00:00,hindi,group_0077
533fe9344b0df423220c701e0b3a713c,Google News - Govt Scheme (Hindi),"बेगूसराय : सरकारी योजनाओं की जानकारी नहीं मिलने पर 20 सूत्री समिति नाराज, बखरी में जांच कमिटी गठित - Prabhat Khabar","बेगूसराय : सरकारी योजनाओं की जानकारी नहीं मिलने पर 20 सूत्री समिति नाराज, बखरी में जांच कमिटी गठित Prabhat Khabar",https://news.google.com/rss/articles/CBMimwFBVV95cUxNdjdLMjlKSGV0UlJMUm05M0k4c1QyZkphTXBwUlAybTlnMGJRNTRzc0VKNlV0SzNjWVFobE5McWZwMnllVXRnSXF5RXZxZk1xbVNFV1dqNl9SdmxvSWswVVZZU3VGaXpEWUh5R3JBZm54dDFoc1dpLVhKZTZuNVc3aXBtMHg4M1UzSzJYMDV0NTZzQUVHaU9VeC1rWQ?oc=5,2026-09-12T07:00:00+00:00,hindi,group_0078
805d17b92792e6a9e5575fe0eb4268f5,Google News - Govt Scheme (Hindi),सरल हिंदी से सरकारी योजनाओं का बेहतर लाभ: विभागीय सचिव - Prabhat Khabar,सरल हिंदी से सरकारी योजनाओं का बेहतर लाभ: विभागीय सचिव Prabhat Khabar,https://news.google.com/rss/articles/CBMivwFBVV95cUxPR0dMVXlSUGwxeG1aZXUyc1lsdkdpcERNNWxiOWNScllhWnYxd21PU1BnRW5JejM2ZjFkSlY4eXNrUlFoMHhaSW5Sak56WVVxWlN6MU5LWlVwLVY0X3dsd29PUHVUcDFaZFFJTGdYc3ROSm9FNml5UVpXUFN0SXVOMUNuYW8taWlYRmloYWtkcDhmZDBrN1VEQlFWXzdTTjRiNVdIM0NGVjJWMG1ZUHRLTjlRV1pXVkstNGxTbjUtYw?oc=5,2026-09-14T07:00:00+00:00,hindi,group_0079
410a129fd4a4dd04621f50f6e77b505f,Google News - Govt Scheme (Hindi),"दिल्ली लक्ष्मी योजना: सरकार ने रखा ₹5,100 करोड़ का बजट, 10 दिन में 6 लाख से ज्यादा पंजीयन - Tractor Junction","दिल्ली लक्ष्मी योजना: सरकार ने रखा ₹5,100 करोड़ का बजट, 10 दिन में 6 लाख से ज्यादा पंजीयन Tractor Junction",https://news.google.com/rss/articles/CBMiuwFBVV95cUxQYmhmbTAyXzZOVWwyVVdVRjFqUDRmTTAzWHVoZ1A5SjZxN2JIRmtjMy11dXE0VVZoN2RwR1VVRWJlSk9xWERxVmdOOThJalJnM09wNHJBdjA0bnJLd3hsUnpQVDFqWGRYdmVxRDJwa01TTVRxVTNOU01hU2x5YnNlVkV2dU5Qa3lNWnNBemcwbDM3V1BvSFB2ZTdhNlgyZEtBbW5ULWdYa1I2TTJSVmdobHBhclQ0S2h1V1dR0gHDAUFVX3lxTFBHQlBUWGR3cUlSU2dRSEh5YUlzQ28xNmdzR0tjWlgtWnN1SDZiY2d4UWp5VW4tTjBnRm9WaGFXd29VZnhEZG9GMUh4SHhfVE9OTHc1WDJ1SGxTeDN2WEtBaVdvLXZlNUV1b3FFbmhpSkZEeGk0X3lvTHFnOU05UW9Vdm5WbnphakdFV1NxOGNSWXhsQm1Oek9FTndXOEZwVnA4MElyeFVHWmFERFJWcnk3eTJiMHRqR0FxdmpaeTZkSm13NA?oc=5,2026-09-06T07:00:00+00:00,hindi,group_0080
7dffa1f451a5d8b74317c82b4532bad8,Google News - Govt Scheme (Hindi),Women's Day 2026: महिलाओं के लिए बड़ी खुशखबरी! सरकार दे रही है इन योजनाओं के जरिए मदद - Amar Ujala,Women's Day 2026: महिलाओं के लिए बड़ी खुशखबरी! सरकार दे रही है इन योजनाओं के जरिए मदद Amar Ujala,https://news.google.com/rss/articles/CBMi3wFBVV95cUxPTnNMcVVZQ2pRdEV2bGdMbS1xUEZ4NnBhTEt4MWxIZENVdV9zWVdTR25TdU83Tl9tZmN2OHVNN1Y5UGRCX2N5TzBQekVxWi1USHBfWllmUmY2cXQydmd6cjl5WjlVWjFnLTZESVRLN0VpRVZqRElTUEM1dlFxZi1tYng0R0RTY3poVzdUcFhrcE1sb2RocjgxeU1qYnY2RThwb2RJUi1CQ3BUdWhVLUJGc081YlpMQmM1SHAxTWY1TjNLTV9nbnBPZ3g0RFhndnBNUmQxc19xeV92V0RpeEhz0gHkAUFVX3lxTE1UVENnSjFQb0JlVE1FUTRLcGtsNkY0ZEVybkJ5bFpDN0tmOVUzZUNldXplOEJPQ2VfZ01wMWpYQy1tY2ZZMVlORU8tVVp3Vm03LTd3bDY0bjB5UjNuSnZlQWZFX3hsMTlsdXA4cXlYdW9QanZCUmZlbVVkSHdrU3VraEtqdHpiam1GZkM2dDhXU3oyWHVpNkdVbnFOMFVXQkhzLXdic0Rya3hvV1BuZ1pVQTYwN3l1Wl9UdFgyUWZFSFRXb3ZVbnlGM2pxYXRpSU1FTi00T1RZaVBTOUVfMDBzaDVobA?oc=5,2026-03-06T08:00:00+00:00,hindi,group_0081
3d7506c2f9504bcca10d233021651885,Google News - Govt Scheme (Hindi),खरीफ सीजन में किसानों को मिलने वाली टॉप 10 सरकारी योजनाएं - Tractor Junction,खरीफ सीजन में किसानों को मिलने वाली टॉप 10 सरकारी योजनाएं Tractor Junction,https://news.google.com/rss/articles/CBMiqgFBVV95cUxPbklJQjE4cExKeFpXTU5YS3V3cjJzNExBRndkS295NXdweWdaLTU5LXBJMGJJUld1SmVRSnhZN1VQSXVkZEJ2QnNyUkc0TEpqYW84NEs1TGdSR0x6Z3FobGNJbWQwa25DNHV3SGRESmZXQVYxQmRzRms0UWVXS2JzRzVNM0RucXEtWGplQ3h1LXljNmZ4ZnRXajEzUGtSVmNFODZXZ0pKX1VRUdIBsgFBVV95cUxPMEpWNFJIRzFDQ05UcENyMmVUa3daZlotcm1lVlU1VmNTb08zV1EyVVF4VnowQnJvZFVGdGZlWWRKb3FCQl9TbDgxTjBkd2RBRWQ1U3hadnh4SE9RWDFqbDFtdTJhZlhCM1FoNld5VkZ3ZVpvME1MVWJxaER1SXdqdnhiZXNobER6OWdIdXZ4T1gwZG16bVp4UEktenlsY1lWT3N2LVRqSlZONUhsRktSQ0dB?oc=5,2026-06-16T07:00:00+00:00,hindi,group_0082
4c107c1e9f53c7f35bceb1041a44e8aa,Google News - Govt Scheme (Hindi),Delhi Lakshmi Yojna: दिल्ली में महिलाओं को आज से ₹2500 देगी सरकार... लक्ष्मी योजना में ऐसे करें अप्लाई - aajtak.in,Delhi Lakshmi Yojna: दिल्ली में महिलाओं को आज से ₹2500 देगी सरकार... लक्ष्मी योजना में ऐसे करें अप्लाई aajtak.in,https://news.google.com/rss/articles/CBMi-gFBVV95cUxPVEpET19hLURVSllFLXpVTmNPb01ZWnZWY05TQlZrRmhQMWFSeUdpWk0xaWQwUnA1b29GeVR4YzZoOWpJNVpORnh2QkxSek5XbHFOWEgzbEU0ZmhnY0YtOUpFcGlLU1Fhd2lQR3FycDBNaFN0VlFjMzdMMnZLZjFlclR0RTctSnhMT3VwYmRkelI4dlgyMUwyZ3ZJczJ3UVd4ZnAtb09MR3ZDbHdlaWlZai14VzRxemhRMEU4Tk9vaTFyZ0RHbWFqMm0xUkhobXF5ZGY5Uk1sNnZBT0hhbExwVjhjQnVYbE85S2d0aVNhODlUSzhIUVBGaGdB0gH_AUFVX3lxTE9Penp0VjdKbE9DT0E1eVRYdGV0R3hPX2tCcUs3MHlheFpnRHM4VXJKSzFUMV9BWmNsVWJrQm12NVVqWm9kWktxNE1YeWpFLTg3dmF1bHEtSllIZ3hNdmU4YjdHeWRkVHJ3OHNTWU9IeWotT1N1ODAtUTNUVFZPR2MyZVVFaDRFdU1UVHVvV3R3V3dxYnpmYWZNSWMxbjBqVmJjZEVrNnNCU2hxa0sxS3FXVVZmUklMTmFDTUN0aG0tTlk0Zkw2RlZPZm9QNDV2ci1DdTNubUdvUm5RUFk5QTV3NDVoSnFSRkFXUUJqWFVuakZfMU8zZmR5WXlmQ3loQQ?oc=5,2026-08-26T07:00:00+00:00,hindi,group_0083
1a28ffcec433fa4efc59832d293d15b8,Google News - Govt Scheme (Hindi),"स्टार्टअप के लिए 2 लाख तो PHD में हर महीने 10 हजार, बेटियों के लिए सम्राट सरकार की बड़ी योजनाएं - Navbharat Times","स्टार्टअप के लिए 2 लाख तो PHD में हर महीने 10 हजार, बेटियों के लिए सम्राट सरकार की बड़ी योजनाएं Navbharat Times",https://news.google.com/rss/articles/CBMiqwJBVV95cUxPY0RQTXVTTUs4RWtKZ3pJUk4tdmRRUnV3UV96d3puaGVLaGdGdFpmenBmcHhuTjZTTllkRFN1dzNKWFdJWGIyY2wxc0x1dmlPbXJFbmx4dmdjUnM2c3k0czNDVzZiZmN0U1E1VUVxczJZNk0ybG9MUTZ6U3pDS3BEQS1BOGZrZ0dndW5ZaHpnbFZIdm9KTTVRZ3RRSFd0YzRlaU1jaWJtb2djakJjdFBpdGFOVEdMQUFzUTdsTnJSbXRCNU5DU2lySGdtUjNsbGNsaFFRR1RSZG15MUk3RHdwbWNKYmVqUDBKaGdxbmJ1cjNRaHVTNy1nZW5MeVJWTFRCMWxkSU56a1N1LW55LTNFRFJWdjQtbE1leEp5dktkLXh1NDJzMFBXX1RPONIBsAJBVV95cUxQTGd1UXRHZXB3dGN0ZzhoRjFqSGpxd2RWdDFiWUo2VUpwUzlJTDVQLVdLZ1pjT2ZRd2o5alF4dEdyZ0dUbWRmMGNHZXhBZHlsQkNQbVNjS2pyMnF4Nk91d1VLVXhPR216a1NvRGw4aDk1cElGd20tT3lBNTNlaVpyVUJhVXE3VHhaRUZwcnNWQXNrVkM1UXNtdm5ja0psVEp2Y3A1MDFPZTFSeWhNRHN1aEkzZjVhVUI5Z3ZXaUNtNzZRUmVkT2V0eE84VTRSYXRGdVdHTzY0Z0FSakVyQzY0UEZZU0VPNmVmVWFoeEpFQnQ0RmFfa2l6ZG9aNmdjV1FOc2dlU1JyYUJWdEM1emJ0TW1EckhNNllHMmNPSWhJRzVoaE4waVNaU0IxZHR5WWpp?oc=5,2026-08-26T07:00:00+00:00,hindi,group_0084
8cd9f3a0a93bbb58f172b4796f826cda,Google News - Govt Scheme (Hindi),सरकार ने छात्र लैपटॉप योजना 2026 के अंतर्गत मुफ्त लैपटॉप वितरण के संदेश का खंडन किया - News On AIR,सरकार ने छात्र लैपटॉप योजना 2026 के अंतर्गत मुफ्त लैपटॉप वितरण के संदेश का खंडन किया News On AIR,https://news.google.com/rss/articles/CBMitwFBVV95cUxOanQxOVFkTEszMDI4eVNWN1E4NlVqcW5TbXY2bk5acWl2T1lmS0N2N3JuQXNycTNOUGlZN2hzM2lGUzFvclliQnlhRDJuaHhySDlCTFRjV3NQczYycm9sQUdBNWpsS2pRNkJFQlVwYzJtNm9PNVJRaDJTekFtUi0zV3AxZHdQYlM3SkVwVGYxQ1lSVGdDS2tnakxUa2VkM2FOeElOTldyRDBiU3lmLURfWUJGTTVqcTg?oc=5,2026-05-24T19:02:03+00:00,hindi,group_0085
4ab1929f6fa965fbefafe6dc74a8d3d9,Google News - Govt Scheme (Hindi),पश्चिम बंगाल में सरकारी योजनाओं का लाभ केवल पात्र लोगों को मिलेगा: सुवेंदु अधिकारी - DD News,पश्चिम बंगाल में सरकारी योजनाओं का लाभ केवल पात्र लोगों को मिलेगा: सुवेंदु अधिकारी DD News,https://news.google.com/rss/articles/CBMiwAFBVV95cUxOTVI1Z2VHMVY5WWxXLVdaWmdZd095S1RfUDNFcWZxbTRnN0ZGT0gwWjFiZmdGRVRTa0dBVko5cEtmOHJPaDkyMHdZZFdEWEppbnRCa0NtU0puT19lMWVvd29BSlRxd2x1WHhmdzZ0eERCYjk3S1hiZm03a2xsdHk2cTB1dk8yR3B0eGpLTkpvQXg5Z05ncFhhZXhoUHlVV3JzOW5ONGF2d0l3dVlMcFRHQnJjOGhSbGdnSnB2ZGNzOHk?oc=5,2026-06-15T07:00:00+00:00,hindi,group_0086
b3224aac1f84ea0b1b0c492c541dc2ae,Google News - Govt Scheme (Hindi),"Sarkari Yojana: महाराष्ट्र की 24 लाख महिलाओं को बड़ा लगा झटका, सरकार ने इस बड़ी योजना को कर दिया बंद - Livemint","Sarkari Yojana: महाराष्ट्र की 24 लाख महिलाओं को बड़ा लगा झटका, सरकार ने इस बड़ी योजना को कर दिया बंद Livemint",https://news.google.com/rss/articles/CBMi4wFBVV95cUxPbW93ZTdLRUZDODlJb3lSOUZBcmpmNmdPRERBakRhQm1LVk8wdFBTWERMbnh1T2VOVFcyRlFlTk1TY3o1Q1FmUWVfVS1FWU1FcGVncmVNeE8xMlFIdng1TlNfakZVSEhZS3F2RmVQOVB6UFdPa3FnTGRkb0U2YjlQakc0OUlGQy1rWmlUOVlsVm52Zl9nUkxEX0dsSXZodGtkTTRYWHlNdHYwSmM0S1FoQjR3YlZuaFJDRHZ6U2hUN2ZCT1NNanBpbnNRaDRxUU9TdHdXbm9wYmtTcWE4bl9vQUY3Z9IB6AFBVV95cUxPdHdMNlAydEVrUkpxNjh1Vy1RQmNEV2JYWENyeTBNc2ZfQzlsUGRSTE1mRlh2dVI1R2VPSXZCQmJuNm5jZTFzMHczaVRhZW9MSDZKWlBwWG1BbjVwZHF3cnZqZlQyOEJuV2pNVFE0NE04NnQ1U3dOT3hvb2hGejY3b1lvTWlVdjktMGtUdDdhdWFaSkdnOFlYNEJ6RXVPWnV6RENmblBxNEQxbUpSbEk1RVZJVU9tLTJVZmhRbU8zeENlOHlPWE9Bb0lqYXBJS3dFUUpYVERPSE81cnVjMVBjNEtrc0RvajVU?oc=5,2026-07-19T07:00:00+00:00,hindi,group_0087
f41bdcc5758c30bb4473855f7eb05d7d,Google News - Govt Scheme (Hindi),"Sarkari Yojana: क्या आपकी नौकरी छूट गई? सरकार 90 दिनों तक देगी पैसा, जानिए कौन सी है ये योजना - Livemint","Sarkari Yojana: क्या आपकी नौकरी छूट गई? सरकार 90 दिनों तक देगी पैसा, जानिए कौन सी है ये योजना Livemint",https://news.google.com/rss/articles/CBMi-AFBVV95cUxQazJsOWx4WUIwQ3M5eVEwcExVTE1fRjNrV2hWT0RHMnJ5bVpZcHJLd2tzYlNYajVuaDQ4YmdKRWpZRmtaNXdMX3NpUDJHd0RsNU1vcjFCUkpJS2ZTTXlMR3dxbmNEX3pnaFkwd0xQM05oYjQ2LWRhYmtmTUhBNkhXR2JHVGVIaUpzdTh0OGFrLVNxN1ZZUnJoMVVUdlBYa0FYbmpyUXh0aEhjc2NLZlhwYjZtTUpzeXBLSUFldTh6U0hNWktTNnA4XzRVNk9KUDduOHB5WGNUYjlJemp4QUd2ZGhFZjlvamRqR281NkhtZGJHTVNkeVdjV9IB_gFBVV95cUxPNjZrLUcyb29lLUt5dVpWVFpJUDZ5ZWtyOEtLSlc0WURicEMxa0dIZ0ZoRjlhbk5pM2ZBRkZPT3QyYklVamJiYm9YRWhIbzEyVnZWTmxTN2IxeXZHQW5zblRzTE5NZFFVcjFfX1ltMEdZczlYZ0tPb2h3N29yVmdISlFNenNIbGJwRVpjUzAwMElyVDRURFJkVDRfdkZDZmdBY0JVSWtsOEotUmZCOUhNeWhSaEFEclVERU9qQjRCM19OQzYzbjJiM0xJUlRMdVhYaDFfTHk5TDJkU3J2NXdhRUt1NFdLSHhPeEk0MWIyRFVCRmo0YVM1WmpyRUgzQQ?oc=5,2026-07-08T07:00:00+00:00,hindi,group_0088
f8d702de074e456d8b52db666ecf4572,Google News - Govt Scheme (Hindi),"सिर्फ 20 रुपये प्रीमियम... 2 लाख का बीमा कवर, मोदी सरकार की गजब स्कीम - aajtak.in","सिर्फ 20 रुपये प्रीमियम... 2 लाख का बीमा कवर, मोदी सरकार की गजब स्कीम aajtak.in",https://news.google.com/rss/articles/CBMi4gFBVV95cUxQTk9DRVJSZFFja1ptdElDOWJuX2h6dWQ1YzZfcmZKWUhoTGFlMHJYNXhQalgtTEN3bm53ODE4a3JjTHNNY2R3ZEtpN1FXeTdYX1NkZGN6ODc0WEdVdVMyWlBXTU16ZEpLY1VPdnMwZVZ5dkxNNDMxbFlUVnZLcDBpRTgwVjN3cFh4VWI5NUhoc3I4elpBbXhTOFhSNnM1TG04b0xLRGcwQm5ESE1WYWNrVGJsdk1GaU41cmxWU0ZBck1WVDZpQkk3Z3NkU1RHMUxEeDFmTHhmaTFLeURwRWlkQWln0gHnAUFVX3lxTE1EYThTZVhmbXBBWGV4TmdjYVhWaG8tYXN3OW9nbENHdzFpX0hTSDNEMGo4bWhIRmluZWltREtPWDI0YnJiaWZVVW14YlU0alJRVEc0bDdzbEJIMFFQY0FaZTViaEs0UFhkMDVjRFgwUGpIT2hFWWFjeFo1RkJVUWZtd3dZMzRYWUgwOHlwOGR0OGdlRUEwTDRWQkU2VVk5WHFodDRWUS1xN0hXRXVJYTJFbTI1dHRFUU5tUkZoazBHcmZiZmJORFpjajdxQ3k1M1FqaGxUOWU2MUdjZDBHcVFTam5nZ2VPVQ?oc=5,2026-08-26T07:00:00+00:00,hindi,group_0089
ed56ba2ef92604ce784326cb58a89fbe,Google News - Govt Scheme (Hindi),"16,00,000 रुपये देगी सरकारी स्‍कीम, सिर्फ करना होगा ये काम - aajtak.in","16,00,000 रुपये देगी सरकारी स्‍कीम, सिर्फ करना होगा ये काम aajtak.in",https://news.google.com/rss/articles/CBMi4gFBVV95cUxNS2thN2xxdGRidjFVMEpjZEpmY29oVkwtV0RlN0JYVnhtOHdRWVlibnhOX090RUNnamtEdXQzb3M1UENVNjZPNUNLS2lwMGlUY1ZlTjcwRmctc0d1UzhKT3NFSWNOTkYxbkc4SXRPYmdtVnMxNU9IdjJhQmFVWFAzaVBSVDB0M3o0S3ZnQWZNQ0paNFo1dmFzeDB1RVc5VlU2ZUxZZ1VJdmN3TFZZVlVmU29WVGdDOFR5U2RyTkFsc1Y3M3IyV0F4bUhBc1JJalJvcUt4aEVoamYzSzZzQWs2R2V30gHnAUFVX3lxTE5RcWlGRW5Jem90bzZiYmxJZWF1MWh4OUllUXBsWGo4QXdfWE80MnNsVlFyTzhaZENSODhlNmloR0dXTjdob254NHRZLUwxRkZzV0RhWkg0TFRGakhMX2syZmFBY2NTb1c0dk1CdTZvMzZ5RE9sYk5hT3hSd0hlNjBlSTVYUkpuaVVkWHZZbVhIbGxGS1JUa3o3ck5aNXZOZFlvbUxmRkdqMGFDX2EzVTRTZHRGWWhsZXZtM3hQRmZVNndIR09qcmhTSUlJZ2JoWXdyaWNSaDFpX0haTUZxZnhvRDFIMVQzNA?oc=5,2026-07-11T07:00:00+00:00,hindi,group_0090
35a75cd0400536c382bc1a72151d7382,Google News - Govt Scheme (Hindi),"नाहारखोहरा में ग्रामीण जन सेवा शिविर: ग्रामीणों ने सुनी समस्याएं, सरकारी योजनाओं का फायदा भी मिला - Dainik Bhaskar","नाहारखोहरा में ग्रामीण जन सेवा शिविर: ग्रामीणों ने सुनी समस्याएं, सरकारी योजनाओं का फायदा भी मिला Dainik Bhaskar",https://news.google.com/rss/articles/CBMi2gFBVV95cUxPbnBxcjhOQ0FvSG9mZDAyUkdLamJKbEQ5UzVJN2hnQWVOX3N5b0NfSmx0ZF9mby0yZFZCNTl3Z3JsV2VZX1FOSlVFeEIxQ1NPYXBGWkxpUGR5eXdFMkxCeVZma0hLUFZzaWJMN29WUXJxUnBQdkFudjVhSTB6QUYwMVd0aXZiVEtPNHV1STZtSC1ETWluWEJHRVJMTFM3R3l6VFo1R0Y4XzNkZGlfaXJ6SExXcjdXSjA1UTgxN2lhMkNBRTFYajQ5eXhEWW1EOHhrN29FM1R5TDNaQdIB3wFBVV95cUxOaTgtdVFnTUx0R3A3bWR4OU1oTmVtZzhjREsxallwUmNPNmRDUzZhMXcxb3pSOWdoTl81a3JlWWQ4ckdxNXpBWV9JOXFRM0E0ZGxnUUptcUFUdmlOalJfVDZwZUx0YVVwMGZhUzdlOC1vdVkybjYwY2oybDlxdnQxenNpZVZtZUg3THVvZ2psS29aQ21CREx1VF9WWTk3bWt6ZUpqUkpxdnRXSmY5YlNWNmRDR184LXJfMEpYZHNORXp5U0F2YVM4WU5sbnBtc0FTTWFoT3FqdXdTeXh4ZERV?oc=5,2026-07-28T07:00:00+00:00,hindi,group_0091
ac64a702ce67d5e233effe569acf9024,Google News - Govt Scheme (Hindi),"दिव्यांगजनों के 78 आवेदन स्वीकृत, सरकारी योजनाओं का लाभ जल्द - Prabhat Khabar","दिव्यांगजनों के 78 आवेदन स्वीकृत, सरकारी योजनाओं का लाभ जल्द Prabhat Khabar",https://news.google.com/rss/articles/CBMiowFBVV95cUxPWE1yNUxiNzFxRy1SVVhGV3ZpNFkzOE5LTlNBa0tiRGVZTUk1WlIyd2tpd0wzZlN6N0gwSU5KSlVsZnhIbGIyNEw4Vm12R0l3eHlSeXM2WHJlS0JyVHViS3E3em51cEVScnZBQ2VXZjVza3ZFYzBfU2FjMXlWWGdhWDMxUzdLemFQV0ExcjNoQVdDRGk2cVExdTFNMTlsbDY2TjZN?oc=5,2026-09-04T07:00:00+00:00,hindi,group_0092
0315b318a6f42025471c927a51dfa6c9,Google News - Govt Scheme (Hindi),"Sarkari Yojana: पीएम मोदी ने कहा- खाते खोलो, महिलाओं-ग्रामीणों ने भर दिया बैंकों का खजाना, जनधन योजना के 12... - News18 Hindi","Sarkari Yojana: पीएम मोदी ने कहा- खाते खोलो, महिलाओं-ग्रामीणों ने भर दिया बैंकों का खजाना, जनधन योजना के 12... News18 Hindi",https://news.google.com/rss/articles/CBMiyAFBVV95cUxNSHgzRjRsUHRGNFd3SVp4eWFDaHRVZ0VvUGtZTVdZMFpqVWlHYW5ObmFhb0Q1ckFPZEZZV3JtUDdnMEJNWmhRWGRrdkdqVmZzR3lKWGkxUkFfQVdjU0pDV3JrQmphTUdGQXFPa21rMG9VNjR2bVplc0lJTVd4Z2p6cTJzOFlPUVllei1CRlRBSk5qaHh2WjEtUVBlSFJYRWJXNkIxQXZPdlNPT0ZaRzQ4RDlJOVZlX3ZuME42WkRndml0SFJWcTQ4VdIBzgFBVV95cUxPcmJId3BpVGdBaEM4T0h5cm5Dd1dDS01DMDc0V1FXQ19pNzVhSEdKbEpVQWRWdl9McFhYUDlLMG91SDNYR0pfaVU3eWp0T0VMVFRDZUQ1RGU5ZVRzRm1xMWczeDVxTldtWFhCU3VhcllEWVZQWEZKNGQtRnE1TTdZQ1E1SUpXU0NyTERIanBfckFlTkczbjktMTdJUlhWZW1ZLWR1U25wVDhhRWppd21kLWlHLXdhcFU5UFgyTEo5RlMzczAwUWVtcnRlX1IyQQ?oc=5,2026-08-27T07:00:00+00:00,hindi,group_0093
e3cf4af23279c37a2b68b8be3d08f537,Google News - Govt Scheme (Hindi),"किसानों के लिए वरदान हैं सरकार की ये 5 योजनाएं, आज ही कर लें आवेदन, मिलेगा जबरदस्त फायदा - ABP News","किसानों के लिए वरदान हैं सरकार की ये 5 योजनाएं, आज ही कर लें आवेदन, मिलेगा जबरदस्त फायदा ABP News",https://news.google.com/rss/articles/CBMi3AFBVV95cUxPd1lvWUx4SG5sYUhzZjRIMnhQZG5aYmVCbGhPWnMwNUtfb2tvMnhIQWh2RW5NelQ1czJhQTFyczdocXJqX09DSHRMUERKakw4dllibjBGRzk3UF9yaUN3Y2FaQ3VTWUdYZnpRNWdGSGVYYnV1ZlgzM0NraW1MTTBnYzNtZXVfTE9iWlFIckd4QkcyYk5sUUJtUHB4ZERPVXBZOTlJdnRjWjJ0dDBJRWxrZmY3YllYTmM5MWhLbG1xYnFTQ29KWnRoTjlMNFNwMmkzc0pDeVljTXR2Qnhw0gHiAUFVX3lxTFAyMzJxZ3VVMFMxRDJRX01YZWlENmxlUU9wd2d1MEJBb0g1QlZnckhyV0w4YWQ2M1M1X2FvdC1uc0RNSXdHSWNOZjlmNC1FMFBCMk1VZ1ZnMldRSWZpTUFLNmVPanRnY0M2anQ4cVRzbUJJQlRJZzJ0MDBFWkVpOV9nSEpweUd0c0lMbmxYNzQ5X3U3U05tX0pVOGVtaUZZUGhsUk5KQmpSbVNTZlIyRWJweS1XYXkza3pXMDNSV2o3ci1saHh5RzFVQXRvSEZmZlNCZkMtMldYNmJnejl4WFgyTlE?oc=5,2026-07-23T07:00:00+00:00,hindi,group_0094
28925f2db1c03963f93529ad53438dd8,Google News - Govt Scheme (Hindi),"सिर्फ ब्‍याज से 50 लाख की कमाई... गजब है ये सरकारी योजना, जानें डिटेल - aajtak.in","सिर्फ ब्‍याज से 50 लाख की कमाई... गजब है ये सरकारी योजना, जानें डिटेल aajtak.in",https://news.google.com/rss/articles/CBMizAFBVV95cUxQcm1OdlZ5OWV1ejVVZVRpYmFXaF9mVmpFb2ZUS0RhaFl0eDFZZi1Ga2MyYmZUWFNVMDFkOWRJSlV5OHMtcGZSaFNGSHd1azY0MVZvT1JqX1MyZjRxczFoNFZ1eU9DcERncUlnVjIxblRrWjZEbGlhVk9GY0JoUTVMblYydjdiLTZVUVp5azN3TlBwbXh2ZS1rbFNzLXVRUVNrVmx5Y0lfMUtFZjJHZ1FyNUhkeGxER2c3OXY2YmthZThPNWZWYUZ5b2ZGQ2vSAdIBQVVfeXFMUHFWRnBkcXVocFAyYUl6aEJFNnMzUzFoUXlUci1WZDc5bl9xV3ZwRGJ5SVQ4ME1leDFRUk9mNG9jRFhFQUdfX214MGFzcUhBYkQtMGpuRUh0NmVmR0p5ekE0a3BuLTRJN2pZcGVfb1hWSkNobFROcXowYzVOTEpwZEw2UFF6eGM4N2luMFVzb2FNbWVMVlFnMFQ5cnRGaTF1YVRxLV9IOVNrX3NlNXhNamRqSVUxT212amRlV3JKUGxhekN1aUNKa2hkTC10RXlXNUd3?oc=5,2026-07-21T07:00:00+00:00,hindi,group_0095
fc3971b9893988258f5f16f526c0f5b2,Google News - Govt Scheme (Hindi),जन चौपाल और जनसंवाद कार्यक्रम: मऊ में लोगों को मिली सरकारी योजनाओं की जानकारी - Dainik Bhaskar,जन चौपाल और जनसंवाद कार्यक्रम: मऊ में लोगों को मिली सरकारी योजनाओं की जानकारी Dainik Bhaskar,https://news.google.com/rss/articles/CBMiwgFBVV95cUxQckdTdFBRdWt6alpjaFNIYm5iaWJuNTFsX2VadWl0WjdlRlpZelIyWWpaanMwNW5mUnpSZXdKMTg3bkF5ZUE5aWRnQWxxS216NzlieGJwQWMyMFNXOFVUVFdXYkZzUVJEeTdEYjE2d1YxZUszQnpNUTNmTnQtYWpkRUZkdktTVlQ2Yl9aaFJRWmowNWQ0dXcyMnF0Vk9NZXY4Y09jNTJIaXNGOXFvQ0NDZXluYTgtUFlPNTZZR1dBaHE1UdIBxwFBVV95cUxPdGI4a21IRm5PWjNDcnhEVzZjUkxnNlRlVjNkVnhFbkxxalgxOGJkcnp5REwxTUY0clQ3WGdfUXZvREZHMUFmempQc1h4UGdIa0FoVUFtVExvLU90RFEyQVp2b0ZjZ1MyZGZIMk9BUllNbXFBa3dBUkt6R1l4Y0dHa284cDNnWXBVUVRpa3FFMTVJenZLUWRHY1ZaeHBoQTEzYnZPUXhva2Vtd000OVpSTXA4WHhkVnNTLXVad25TdFVSckxjRm1V?oc=5,2026-06-10T07:44:50+00:00,hindi,group_0096
8e2de025e2b644a6ff710d946001af37,Google News - Govt Scheme (Hindi),"लाड़ली बहन योजना महाराष्ट्र: सरकार सख्त, अपात्र लाभार्थियों से होगी ₹21.44 करोड़ की वसूली - Tractor Junction","लाड़ली बहन योजना महाराष्ट्र: सरकार सख्त, अपात्र लाभार्थियों से होगी ₹21.44 करोड़ की वसूली Tractor Junction",https://news.google.com/rss/articles/CBMi6gFBVV95cUxQU3JpR1pHTWNTZnJUNVp0S1JiSmFvUUdTVUR4ampkQ0w1OG9aaDJvX0M1Ul9XYmE1bHpPYVc4ai1FRTJpcXFHN3hCT181XzM0ZkxGWEJCS3FUQl9wY1VJTEJkRWNfS1RoZGZVRGF6a2dLRXhpaTd3VTYwUHV1V0VnRTJrM3lfSkZWN0ExM1JNbDRXZ1dvRGt5cnFGZG9TTElzTjNjRDRyLUZBaHJTRVFQOWM2dWgxc3JXVnlxTm42d2dESjc0dTdSeVdLdjI1VHIwdWQtbjVGdXVEcUU5eE5UTHd0T21SeFJwQkHSAfIBQVVfeXFMTmxLUVM0SEs1b3VIZ0QyZVYtOEI0ejIxelVXOFFvOE9zdEhVaklpZXFKY2dhbWpkZVVDZXNKd29zbGlGZ3pkNENxeWpsd0ExQVZWbFRCRkx0T295T1VQTHpZbXdzdGpPUVBrOU1rRkJKcGFFcFZmYUdKRUU1RFZ6c2VuYXZfYm9jaXZQNVVTYWk5OGo3ZkF2ZFUxdFRQZlppdEtlaVZFOXdfSk53TDRZYVFBWEdsTFB1ZDRGSHVfbXA1ZjFFaDVtVUpRbVNtR052Yy1yUlNWeko4WTVZQ3lRbTlRMmpHUmZVbHNIR0JYSTl2anc?oc=5,2026-06-12T07:00:00+00:00,hindi,group_0097
0763121af417e6af34a137cd95f54fdb,Google News - Govt Scheme (Hindi),"करोड़ों किसानों के लिए बड़ी खुशखबरी: PM किसान योजना 2030-31 तक रहेगी जारी, 3.15 लाख करोड़ रुपये के बजट को मंजूरी - Tractor Junction","करोड़ों किसानों के लिए बड़ी खुशखबरी: PM किसान योजना 2030-31 तक रहेगी जारी, 3.15 लाख करोड़ रुपये के बजट को मंजूरी Tractor Junction",https://news.google.com/rss/articles/CBMivgFBVV95cUxQOU1xNHhPbVYtS0hSNi1HWlN0aTZXQWlwVG1WQ1I3UFg1Q0RQcmN2YzM1LUZ0NzdILTJqMGFCd3hrRWswaWpUaTVSRlFvZExGZWJ4YTZsdU9HUjg4NmdSbkdDNFg1MGU0V2pCNkRPbUtVZHprRlFjenh6bGM5a0c5eUl3SzZLbEhPZzBKTnpvcXhzR0Rpc05MT1NNbkhwRG9OTVREenlqWmd2S3VkMnhNMjg3Skt0QXRrOTE2NmZ30gHGAUFVX3lxTFBWT3J2Wll2N3QxWnRzci1CZVhyT3pBV3BKcnFjd0FpRWU4ZWlLNzc2c25YWk5RMWo0bVBFN0cwOHV5bURpU0FZRkN2SWpiRV82dTBWR29hM1RsaGwtUjlrZ0Q1dS1lakZ1aWxzdXk0ZWcxZDl5SkIydVhqanV2VVZOVDJkeVB3Y3Vabk55ZnJPd1g0TFRBUHgzTHVTUnFLWWV0bWRVQ3paQUhZeFRGTVQ4SUs0Z0NBdXowR0xfQk0tMVhQR2I3UQ?oc=5,2026-08-02T07:00:00+00:00,hindi,group_0098
e3943f37fd0f4a49002a97ad58dd45d8,Google News - Govt Scheme (Hindi),"महिलाओं के लिए तीन बेस्ट सरकारी योजनाएं, जानें कैसे उठाएं फायदा? - ABP News","महिलाओं के लिए तीन बेस्ट सरकारी योजनाएं, जानें कैसे उठाएं फायदा? ABP News",https://news.google.com/rss/articles/CBMi6AFBVV95cUxQNjhHWDh1V19wV09POHFvSGdPY051aHl3TTEtYzZUOHNSbnkxNkFyUEJjdDk2UVJPOHZKSXJVZ3hmbHk3VHRreWh1ZXhPWFd5amVwOWwzTzR5LWxnc3hRWC1sT1RvcFJqQkgwd2U5MWxjS19WOVVEUzFJUWZaTkRDbWN5TXBFcWpjQ0owRVp2bVMwSHBtWnYyQVkyUExCTDRpZ001NXAzLXpRQXE4YW5FX1k5ZXBIcTREVDljbXI4M0J5TGRnZlBFbzZHcm9aQjBzblVJQURkaWpOOVdUY1ZobUpwV2Qxcmpq0gHuAUFVX3lxTE1vU3k2cGVqM0xycGJiajUwNHBBUUpYQW5ya2E2YkYzT2hOcGFhZW1LZzM4dDZzX1dWUU5HLTltVkpvTFJ6TmN6QnRlUTZhZ2RvSHAtcjNPQ0VBRG1scF9SSnZDU3VNbkt3NTF3UkJ0LURGUk55cmhURWJQYVF6N3Y1Y3c0c0xJUXZmR1NTa0VXeU16WUJLNHFBM0lLblZsdkJJQmZHSDBmZENBdlBtd1RfZTRVSjFTcHlLMGsyVGN1bFk2Z2NxQXlPTnRna29JNi1NdGZnTzV0TEx3MU1IVlpvWmx4dmlqdjlPa0JOMmc?oc=5,2026-03-25T07:00:00+00:00,hindi,group_0099
d63c76c0d623eb9117a258972412d52d,Google News - Govt Scheme (Hindi),"Sarkari Yojana: क्या आपके घर में बेटी है? सरकार कर रही ₹25,000 की मदद, बस पूरी करनी होगी ये शर्तें - Livemint","Sarkari Yojana: क्या आपके घर में बेटी है? सरकार कर रही ₹25,000 की मदद, बस पूरी करनी होगी ये शर्तें Livemint",https://news.google.com/rss/articles/CBMi9AFBVV95cUxQLUctcGM5Z0M5UVU3ejI1X1d0T2FYR3p2QU5BdGo4VGJ3SDlGeWFGa0VyaW5lOU1reWU0aG9iTDRVU24wX1poU1d4YWRpQVExQ1Y1ZWwyMUpDOHpvM1JCNUlkdEdSOVptSHM4Q2t0b1d1STNxSEg5emJiWTJWVlVSTl9pY09aZGVKcG45XzdTckdLOV9RLXE3eEZfTWl4eGJmcGthOGVrQkhvVElNWV9tNnNOR0NtMU84SWpOZXZ2dUtxbDhERExEYjIwWjVHeXkwNk9NcHRCc3NpMWhCOEoweVMyZDdqQkpUU19nZWVSbF9JOExi0gH6AUFVX3lxTE9KSjNVYWllb0s0alFzOXU5aVFWM2NVeWNTb3AxQV9TTDdKWlRyVVE0dy1COG5FM196R0MxTGZaNC1TZEQ1cG5kT2N5ckNlNF9ERVhXWnoyQS04VVg0TFlXRXBVSkpxYTZscWRxeXQ5MnRJZzhlZDZUVm5rT1daZHlIN3hrbTlpLXhmQWVSQnYxUVZTOGtDS2FqMWFkc3RhQkxOTTUyVlR4V0ZvU1g5Qm9UUzEyLVNtam42U2FEdjFFQmN6Tmo0RFFaQkNrcmZfM3ZpNzVMaDRZSEhxQjBuQ0ZQQV9ySGlxVzRCdUFFRVptdkhoU3RLNFp0dnc?oc=5,2026-08-23T07:00:00+00:00,hindi,group_0100
ece282bdc04e779cda4306819ac68054,Google News - Govt Scheme (Hindi),2026 में किसानों के लिए सुनहरा मौका: ये 5 सरकारी योजनाएं बदल सकती हैं आपकी खेती की तस्वीर - Kisaan Helpline,2026 में किसानों के लिए सुनहरा मौका: ये 5 सरकारी योजनाएं बदल सकती हैं आपकी खेती की तस्वीर Kisaan Helpline,https://news.google.com/rss/articles/CBMiogFBVV95cUxNaUloYndsMUtQa1JZbklzRGl6cngzSnd2WGI0WFNtRW5PWTl6RGZ0QUFVSlB2T2R3YkJqYkpjOE9qT2VGS0RGZk00UzNzVUplQWFYREhWVFRFODdoX2lwUUxZS0RnUU5IN2FSZ0JreHVsbEIwSlA2WUZnNHVFanJCRkhCaEFrMVNKVENFN0dFN1ZwUDJlT2Z1Rlc4SHE2VTlXTmc?oc=5,2026-04-21T05:58:01+00:00,hindi,group_0101
88fb9bdb83a6f6b7b1f355f40bd93e15,Google News - Govt Scheme (Hindi),"बंगाल में 1-2 नहीं अब 54 योजनाओं का मिल रहा लाभ, नोट करें लिस्ट, जी राम जी के लिए भी मिले 8500 करोड़ - Navbharat Times","बंगाल में 1-2 नहीं अब 54 योजनाओं का मिल रहा लाभ, नोट करें लिस्ट, जी राम जी के लिए भी मिले 8500 करोड़ Navbharat Times",https://news.google.com/rss/articles/CBMilwJBVV95cUxPRjFIa3lPY2xydkgydHQ3Mm9ZVjdSbzhMaUtyMFlyblBTZEU3cW1zc3RuUkRyWjRmaXV1N3FNZ2d4U2FnNW1PZGNHcUl3YjJqMnkxWmgtZFVsSEhIXzFqMU8tZWUtV0pKQ1JnbWNEUW9LSHZSeldzRDFVNDJHSTNsY3hzVVBadmdsNU8zQ01oQndsRkdnOFhueG9CQTBQZXFWenNVMW83N3VEOGRZT2xsY0xOSy16YkgzX1FWamdPRkhuZG9SZkdValVvcHN3Yi1GQnFzQnpVMllDTG1SaVBXcHBnVXpxbXJBSWRyXzVUcmk5MXFMMUo4TGFHUkROMlpkaURTQy1pTVNNWHNCMVl1LUVlNmJGMGPSAZwCQVVfeXFMT1pVbHdGcWtKcnVpX1ZVamtraGxfWW5VM1JSdDh1aWItUGVWdGlEend0RWNNM2VEN1UzRkVqTkx0dGpXcWZZMGxLTERydmE5YlZNdXR1a1pseWdVakJITWk5X0txMGcxWi1JWGFCaE42aEVlVktUdnRSLXN4N0J2VFFybFNRS2w1amlISW9yNS04YThoUUVyclhSeXhPUTVNVmdNcF9VWUNmRFY2bTRfdHJqMXExRmd6TVhubmZuWVpFcExkeERqOFhHVjMzNE43Y2RSaFRJUUw0UVc2T3lKWkRJSFRjbUNaMTlRMkJjSUNhNVVyTUZlamRvLTRUQ2lxZ1FwdlZXbFhoQzJaTjU4VHVsbFNZRmN3TGhmaDY?oc=5,2026-06-15T07:00:00+00:00,hindi,group_0102
7ce5de58a4647d1a6a0a59910376a702,Google News - Govt Scheme (Hindi),"अन्नपूर्णा योजना लागू: महिलाओं को हर महीने मिलेंगे 3,000 रुपए, फॉर्म बंटने शुरू - Tractor Junction","अन्नपूर्णा योजना लागू: महिलाओं को हर महीने मिलेंगे 3,000 रुपए, फॉर्म बंटने शुरू Tractor Junction",https://news.google.com/rss/articles/CBMisgFBVV95cUxQNGVfQTRhOXdRQVBDckdCRXNtM3V4VTZxZExiTFQwdmVxaWJQQmM4VHpJbzZfajR5d1p4aGZpWTdKbkEzR1JJVlE4T0p5UTBBbjNheVNYRmpfR3BYSUxYT2VWNXBFLVA0VUhNakFEQ09hOUpnd3BZSV9xa3dpWk00U09IZWJCVEVyVi0tT3dkMWM0UE1JYkRadmVhQ08tZVZmZ1hfMUFLZ3dRUWxBNjdaZzVR0gG6AUFVX3lxTE1DcWVZLVcyc2t2WERPbkhZckxtRGR1Y2xpNzRjcmVyN2lKTGJGMGVPd2FKVzZBb1M0R0JRV0ZaVDVVd1FhZ3RrdG1oTzNfVUtURUlYY29uZzdKWDRWVnZwTEJJdVVhd0tUelNYYzRqR3g0WlV3UjBzN2JBeDE1X0t5YWttQlBvRTVJZUxGWDZSZWEwMWVCdTBtUl9PMm1NNjZPNWZSckd4REU1VHhZakRhd2c2eExMN3ZKUQ?oc=5,2026-05-27T07:00:00+00:00,hindi,group_0103
bf37fd7d023b1da4e65a5b098512b44c,Google News - Govt Scheme (Hindi),"Farmer ID: जमीन, फसल और लोन का सारा हिसाब एक ही जगह, बड़े काम का है ये 'जादुई कार्ड' - News18 Hindi","Farmer ID: जमीन, फसल और लोन का सारा हिसाब एक ही जगह, बड़े काम का है ये 'जादुई कार्ड' News18 Hindi",https://news.google.com/rss/articles/CBMi-wFBVV95cUxNdGhqQjU2THQ5aTdvQkNZeURld2FIdWF4dFM0ZHM2d0FBc1h5dFdXM3NkUDQwT0FleUJSQk9NR0ZuamNOd1pKSFAxQV8yRHNuZ3NuSF83QXg0NFBXdzkwRmpXdUMxTnFtZG9wVGp4ZTEyS1F0R0tPbEhmOGRYMmdsby04M1pMcnB6YkxXYkxjRmxpZVpmeTVtaloweC1qdFVZVTd1WnN3ZHpfakQ0Ni1WdllRcS1CRXlwMlo4X0ROVk5wWTd0SWJjWTRyQzFzd0xETEJqUkphVkZkR2hCRmp5V2tOazRBdGs0enZ6LXF2U1ZUVXduRjNxLTlwc9IBgAJBVV95cUxPS01pQ0s4SGRDak5zemh6M1d0TURfRThDUW9QeWM2Mms0MHN6eElwV2wyaHlEVE5vYW1tVzF6dkQzUlZfcmFsUG1QamxXaFdjc3BrRnVZUFhESzJvcXdCRm5HNndLUVRqNFJvYzVjQklpR3U2ZHlSZ1ItOHVBeUFHamdERVpSNzI1c0JnWEd1VjNqZTNtQ1FobGo0Wk5fQkF3MVplYWVyWXVWUHFjOWkxUEtZR28xWVFmU1M0eHU3NncydkpYODh0clVOLTlTQkpmX0dVY1ZoVm8ySWVwNGNpQ2djVEl1QWxucTlua2lmTFhXWHlmVWlnZ0tONHVmeTZQ?oc=5,2026-09-04T07:00:00+00:00,hindi,group_0104
6e5bb46dc3c1b39dde5d6f86d0dd2470,Google News - Govt Scheme (Hindi),"इलाज के लिए जेब से पैसा नहीं! केंद्र सरकार की ये हैं कैशलेस हेल्थ स्कीम्स, ऐसे मिलेगा फायदा - Livemint","इलाज के लिए जेब से पैसा नहीं! केंद्र सरकार की ये हैं कैशलेस हेल्थ स्कीम्स, ऐसे मिलेगा फायदा Livemint",https://news.google.com/rss/articles/CBMi1gFBVV95cUxQTDZ6c1pNdkZuTFlJMnpnaU8tc2lCdTlGVUV0SVM4RncwSVVQR2Z6UVNVMHpjVnZqanZfdFNkeVBPYy01eUY2THhSVllHU1R1VFF0eXhrcDVlUS1EcVZiUkRnNGVFbDBQRnJTUU9SZXdYMEZ1WjVjMTd0M1VqWlFNT1Z5Z1U0Vy0xNHk3Z2lHb1BuR0wyWnRSZ2hEWkZEclhyQzNaRHZvOURPYzN2Y2MxbTRZNGdQVWdYSGpUV1NkVktTeDNGZDhmSWdkQl9OZXExaXNtU0Fn0gHbAUFVX3lxTFBqT1pneHZrajdVYTd3WjVnbzVNaGFFZDA1SHFKWU9kbU9KWDhxVUtidE84bU51WS1IWnotNGxiazRYVm5TYU8wbmRtYXg1d3BmZ25XM0RtMGdidW9DVm5NVUd3cXlsRzJ0N3V3NlVqRDdLTmwyRDEtMkFBNmZGWnBTb0Fpd0ZBQjhUZkdlNURDTHowYmJGdXY4dlMxbVh3MHpWeThtRmpaOWRObFRmVFFaV21rZmprdWhKTWhsb0JNSmk3MmpHZlE3VlJVRThRa3NIYVA3TDRQWmJZMA?oc=5,2026-06-08T07:00:00+00:00,hindi,group_0105
ad2a1f549f812f338d05135731a59597,Google News - Govt Scheme (Hindi),"हिमाचल में पहली बार ऐसा अभियान, अब गरीबों की जुबान से तय होगी सरकारी योजना! - ETV Bharat","हिमाचल में पहली बार ऐसा अभियान, अब गरीबों की जुबान से तय होगी सरकारी योजना! ETV Bharat",https://news.google.com/rss/articles/CBMiyAFBVV95cUxQbU5JVlV6ekZmUXJwRXBMTGFBVkE1bk1vcElfTjk5OE9GT0g1aGdIWEpmaWlkUENSTElkYzh3VXB5Ry11UEFGSWFHNHp0RzBDa08zWmNWV1BpQW1yRlF6cE1SenNBLUY0TW1qejJPbWpsMWJseExqejJnSEZHODZrSnpFMTFxU0Uwb0hlRThPZ0lneDZzYW1VWTMxVHRNb0c3SktNQXQxNHE3bm00cDJKN1hBOENBUFZsc3JCVnM0MTFqdFhUckkxMtIBzgFBVV95cUxORHJKNHpQQVhBNHkyZ0tGVTZOWDFrY05TcV9pZnNaS3VQYWVMY3duMFp6UUV5anNJSzRURnVDcDB5ME9TV1ZKWV8wWUduSTg0c1hYNjIwc1lkOHktN0dQZnNvSEFQT3ZHZWRVd3JBbFY2N2xRT0EwMVRRRkNfNUxjTXd1c1J1Nk0yM21uUVpreC1ITkJNR3pEalNNeTE5RURWdWdlakRzcjRYR2I5dmpjX3p5VGZ3TzFwUDQ2YUhrOWpJbWZxLUZDanczXzJFZw?oc=5,2026-08-07T07:00:00+00:00,hindi,group_0106
a7b566a12dd7d465e44e29c87a42eb7c,Google News - Govt Scheme (Hindi),"छत्तीसगढ़ के किसानों के लिए 8 प्रमुख योजनाएं, खेती से लेकर सिंचाई और पशुपालन तक मिलेगा लाभ - Tractor Junction","छत्तीसगढ़ के किसानों के लिए 8 प्रमुख योजनाएं, खेती से लेकर सिंचाई और पशुपालन तक मिलेगा लाभ Tractor Junction",https://news.google.com/rss/articles/CBMiogFBVV95cUxOcDFzZVhvYjJVVEhTd2VWRXB5NGhFUWZFREV0aUtERGlIZnlmSzUxS1NjeVpnQzl1R2ZIN0VJV2J3Y2Z3XzBGLXFNSmpIckhmYXRyR1JLYlJ3aTZqNk93bGpFdEh3NUljd2k4OHpZNUJpdDBJaTZIdkl1WUVTMEREV2wyZGFveDh4R1NTSDdybVhQVFV3U0pvN0syVnFjbE5ZS2fSAaoBQVVfeXFMTUxJbVVBeWYyTmxobmYyQkNBLWRRZ2pLemFtUzFWS09qYmpSdGZISzRSZVF4OEp3R3VUd3MwRC1wMTVISU9iS29XNnJEUHNldkVBOWtXRFo3MV8tbHdGQmR0dlhpckpkbHNQakVMb29BU0xMOUVKdWg4Q0JReC1XS2lEQ1BpSGVPQmVXZVJTN2ZLejMwRE9KSDBuUWp6Z0JNUmF6SHJIa05DbkE?oc=5,2026-08-17T07:00:00+00:00,hindi,group_0107
ccd986a990d371535b6f774a330d2758,Google News - Govt Scheme (Hindi),"Government Schemes: भारत में कितनी चीजें फ्री दे रही है सरकार? राशन, इलाज, घर, गैस समेत पूरी लिस्ट - Livemint","Government Schemes: भारत में कितनी चीजें फ्री दे रही है सरकार? राशन, इलाज, घर, गैस समेत पूरी लिस्ट Livemint",https://news.google.com/rss/articles/CBMi2gFBVV95cUxQRGI3UUlvdUJPTFdSRVJzN3ZHN0ZpSUNRb2dpWVdrUHBkR0tCdEdnTDR1YzJJVEhsV2N4RUhMNE1raC1VcUdBUHFYWE9RMXg5VGtPMnZRY0s3aWJKWF9nZkw2NzlQZklqMlFSTjhIdlg4TF9YdnRweVlZX3RmVlk3YW5DazVLVlJ3Ymo4N05IaC0xRE9PcFlKYlJmN0ZrNW9GcHVHMVVLNnAyUkp2cjdWS0hKMEo0TVpKTDJyOUh1cll5UTlKSEh0X2FabklabzFwODBJVHZObVZSQdIB3wFBVV95cUxQY0pSVUZETjlDQXc0RjBpdmhWZmNOcno4bkt4a3VKam1wYkNtV2VEY0NJN2huN3kwT2lVRG1VaXMzeHBGaUEzR1ZSTjRoZWVOdGs5dUZQN1daUHU0bkN1QlNtcUVYTmlfczl4cHdiRjkxMnp1Qk9rMFBfZkNEZmNsc1d4cnRPLUtISkxlZ3dqa1VqUE1YSTFfQmYzNmFEYTh4bnR5MUstaTFybG5YaHlpUDIxVktWbnU4S0FuRzZWQ1pmS3NNbkFtdGwzSVJWdFBmc2QzV0VFUjdTdDBmdlFR?oc=5,2026-05-07T07:00:00+00:00,hindi,group_0108
da60d7f8ce7b23538b1cc1f84ac934ba,Google News - Govt Scheme (Hindi),"Delhi Laxmi Yojana: 2500 रुपये हर महीने... कैसे करें अप्‍लाई, किसे मिलेगा? जानिए पूरी डिटेल - aajtak.in","Delhi Laxmi Yojana: 2500 रुपये हर महीने... कैसे करें अप्‍लाई, किसे मिलेगा? जानिए पूरी डिटेल aajtak.in",https://news.google.com/rss/articles/CBMi1wFBVV95cUxQZnRnZ2hQS1pub2tEd0cwSlI0UEFsRi1sT0J1ZlZOblFwLXgxTEYxNTBrMk42djh1bm1iMGxUME4tSG5FTWt2cFh3WFIycHZhQi05NzVLWjNmOGtOc1ZqaTFvek1qTlhGNnR3UVI1Zm00RjByV3NTNEtDTF85MlJxOFd0UzNfT0Z2MktnMm1Pdk02eEVadWJBdUZ1OVhpNG0wc0Jqc2ViUFdSdFYxWjBQbERBUnU2SDE2aDduLUNxUFFsT1RxRzJURXVIdVFzLUtUbjJhSWhab9IB3AFBVV95cUxOQUpydEg0SHVFVE1OdmtoMHhNa05YQk5DVThzNm81XzJ6c19zRDF2dHA5OXY0YzR3ZFVuT0JIZFR6emx1YXdORjV5WkhmSldsdlgwYkpvZE1scTdsSjNxZE5qdUZlcURpZi05M2dCb3U2N1otdFNPT3AtT01wcjVMakhtbVMxQmJudmxMOWJFYkFWaHFuU1BTQzZKYnpEcWYtRUVJeldRc1J3bFNiVWtlSUl2S2hNNU5XSEpraHpGcWxidlZHX3Zlel9aTFROOVUyZFAtdVlxZTVvZkJD?oc=5,2026-08-01T07:00:00+00:00,hindi,group_0109
eb0b38ae4b39dbda68b8da4f744fb4d5,Google News - Govt Scheme (Hindi),अररिया में प्रखंड सहयोग-जन कल्याण शिविर: सरकारी स्कीम का फायदा लेने पहुंचे हजारों लोग - Dainik Bhaskar,अररिया में प्रखंड सहयोग-जन कल्याण शिविर: सरकारी स्कीम का फायदा लेने पहुंचे हजारों लोग Dainik Bhaskar,https://news.google.com/rss/articles/CBMixwFBVV95cUxQRXV2MWtQOW13SFFUNVZabXRMb0VvUlE5SEYyZk1zRjlObW1TbDY4VEFKend2UEx2Vms1dWVhTlFLc0UxS3BTMXJ3TEdBN0tmNGJnS3VKM2VMQWlYSjIwTUJnWWVIa1FYTEV0R0EteWtPT1VBY0VfVXhtaWs1T1VORlhQVFR0bFF5YWRLaUxLQ3V3TjIwbFctUHJQaVBMcjFFZ0IzQm9pTUQ2ZnQtclJ2WGVBXzROLXR2blZ4TnJtczl0Z2RXNzJN0gHMAUFVX3lxTE9tUGNHNE9KQVZnMzVMQTRSNHl0VlA3N0V4TUFfYVZhVTg5ZTkxLUVsaVZKZHIxaW41ZTJybkpOMVI2eHhRUWh0aU05b2hHR3NzMGJudF90R1R5NFJ0ZGMyb2trdFdTS1FmQl9WVmNobkxzU2txekhrNkJQalI3V2ptQWx3TV9Vemlvcng1Mm4yNkppWDZqMEFickRyQ0lQQXBHQmVJdzljbV85eHFoOUlfb3JXbVhPTGlTSDY3Rnd5Q1k5Ykc0c2hSS0Q1dw?oc=5,2026-06-17T07:00:00+00:00,hindi,group_0110
cc3976115b1e42d404ffb1817c314068,Google News - Govt Scheme (Hindi),"APY: इस सरकारी योजना से जुड़ने के बाद हर महीने प्राप्त कर सकते हैं 5000 रुपये पेंशन, जानें कौन है पात्र - Amar Ujala","APY: इस सरकारी योजना से जुड़ने के बाद हर महीने प्राप्त कर सकते हैं 5000 रुपये पेंशन, जानें कौन है पात्र Amar Ujala",https://news.google.com/rss/articles/CBMiuAFBVV95cUxNaVhqcUttRV96OFNycklaTGNlRVJGajVGUGYwTV9TVFJvYXVUUkVKUWwxQ3RCR2I2MDlrSE9xMUhUb1NMUmN2S1lPdWloV1psaFV0QXVkbElIekQzU2RNNm41YWtiRWNNd1VYZlljZkgxQ1JfcjFlUUprY3VhWDFSc3JkWGRvbFVmRkZ4OTE3U1F5Q3B0Q2M5T0VnV0tNYXo1WnlDRjRnQ2NiMHpxeXh4QUl3dUFZSldp0gG-AUFVX3lxTFBlS0UxYW1CalVBRURQcHMxZmdIclg5QllsMmh3bXVQZnlTX2Y3M3VISjFXWUU1OTZSZG1BRnlESkVfbXUwalA3Z1E4UFpDYTA3bC1WNWFDMjRFd2VlZ1dxYnppdW5YOXZpbnpkeGhDMm1lQTZibWFLb3BWczFUazJIZjJyVEpIT1NhUlhZVHQ2Q1lfN2p1RlIyR2xWT2wtMEl6RTI3bzZxVEsyampGc1dJRnRTYnJKd2Voc2hqVHc?oc=5,2026-07-11T07:00:00+00:00,hindi,group_0111
f92e06c12774cc776d03cb351288eb27,Google News - Govt Scheme (Hindi),"पटना में युवक से ₹7.42 लाख की ठगी, फेसबुक पर सरकारी योजना का लालच देकर टेलीग्राम से ऐंठे पैसे - Prabhat Khabar","पटना में युवक से ₹7.42 लाख की ठगी, फेसबुक पर सरकारी योजना का लालच देकर टेलीग्राम से ऐंठे पैसे Prabhat Khabar",https://news.google.com/rss/articles/CBMimgFBVV95cUxQQVh5VFRFMU9DZ2VMYjRfbGpzUGo4ajh2SThQN2NHcnNEdHlaZlFyVFR5UUE2Um9Hbm1tc21VREtTbnJBVWhQcXN4bXZxZjhFenNfaW12V2tTSUoxWHdiZXhHTGxxQmRoRURyMjhvbmU2YjMyLW5NeWZvMEtIa0gwOG9SSUthcWt4VE5KLWt6YUJhcExZOEtRSC1B?oc=5,2026-09-03T07:00:00+00:00,hindi,group_0112
ca0fdc159cb66d5d84d7abd379a64cf3,Google News - Govt Scheme (Hindi),बसंतपुर में सरकारी योजनाओं की समीक्षा: SDM ने दिए निर्देश - Prabhat Khabar,बसंतपुर में सरकारी योजनाओं की समीक्षा: SDM ने दिए निर्देश Prabhat Khabar,https://news.google.com/rss/articles/CBMingFBVV95cUxNN2hyUFc0Uld2Z08xUUV4alE1VzNENkZHLUZqakYxN2JvUmM5czVseHFmUFBvLWRiUlVuZFhmM0NobjcyZFhwYzBILUpFUjNzMVNEVTdNdkRPQ1E3Q2gyODhvX0ZmdUMydFdiZVZVa2JMc3Q4Wm5FWGdpR2lLYms1V1gybVBIZWNnY1VCNExUeUtuNmdBeGhFM2wzaUxrUQ?oc=5,2026-08-30T07:00:00+00:00,hindi,group_0113
4680ada7e7090f8e9efd6823f78e2fc8,Google News - Govt Scheme (Hindi),"बिहार में नर्सरी बिजनेस का सुनहरा मौका! सरकार दे रही 50% सब्सिडी, ऐसे करें आवेदन - aajtak.in","बिहार में नर्सरी बिजनेस का सुनहरा मौका! सरकार दे रही 50% सब्सिडी, ऐसे करें आवेदन aajtak.in",https://news.google.com/rss/articles/CBMinAJBVV95cUxOZ1doZHZVVWRoSTJxdjJhSGNVcUUxU0llZmFnY2c0NFAwLWJHWXNrYjB1NUFBQ054Q3pBSlJNRUgzRmlJZklDVlV6QUhQOEt0SHVFYkVvUWF6MFV3ZndHVDZOY1c1S0VWY3FMdUhiUGpWSktyQkk1d2Z4aXdLVGNKYmxua0o3SXFITHQ3RkIxeVY4S1R4TWx3WVlpem80V01sSWV3SE52WmlQY3E5c003NHliUkZVQ2RVNUhOamIzNUhqVlR2NlprR2JuOEN4UHVHR2xrR3JmYndTdE54NFJNZ2tHS2doTFV3SElnV1RkdXBZdl9aWTVhWDdKQ1VzUTZlUUJWZWhVc3R1YmN1cmpOZjdCMHVSakxxRkNtNtIBogJBVV95cUxPYTJmbGhwSWFxWFo0VzlDR2paZmdaa3owOXgwSDNIYi1hSzl0WEVxOG9sQzlFN3VrV2FxckdDWUdJaHRfR05IajI4eE4tMG5TdkJJczRqQWxHeTZVelR5ZmxrZXdWcGFENVhicjdpcDdTcWl3NmFzSGtKZk9waFdHVTRKWTE4bjU4QVB2dXFNdUJaangzVUc2emQ3NUFxakg2em1UQjVHU001VlluaFByX1BZbDc1ZHRpTFRRRHQ2aUtfV3o0Q0JhdTRPV0duaUhsckRYTjI1VjlzNGFXbXdBbUItWlBqMml6dnVLOEdLbndPdThlRDJCcWwyTmhZclJydWd5cG1QY2w3U0xlRGNyZHRwVUpRTUVRSjVoZlBlMXJUZw?oc=5,2026-01-29T08:00:00+00:00,hindi,group_0114
7bb98cf7c3c9e7ae6f2f57c0e94d13a7,Google News - Govt Scheme (Hindi),"Mukhyamantri Mahila Rojgar Yojana: महिलाओं के खाते में ₹10,000, रोजगार चला तो मिलेंगे ₹2 लाख! - Livemint","Mukhyamantri Mahila Rojgar Yojana: महिलाओं के खाते में ₹10,000, रोजगार चला तो मिलेंगे ₹2 लाख! Livemint",https://news.google.com/rss/articles/CBMi1AFBVV95cUxOX2x1SzN3NTNRZG1wSHNxTTF2TjBWM3hWZVkzSDJqQ2htTGlHMkUxUHY4ZWxBaEVad2lIeGEtN0NHQkk4SWYxbEhuVG92ZmRtUGFWenRLdHdFbHJ1RWxuZE41T3ZuOW1heWpXSi1qRzh1dGdLMHFMZzRuQXIxYWRjaFNvYmd4djZtVEZINUtpQzVOYmFFWHhXUEswZzJmcWlFSWxTZDU0S000TjhYZTFURTg2aWs4R2xDRzR5VG5ZX2ZkRVF2SENiTUUyazNtMkFQUFY2Q9IB2gFBVV95cUxOVUp4UDlLd1hucjUzV1BMZG0wdkZDMlc1NjZGMElyRlFYNV9QVTF0RGo1d3NyMXYwQ3p3ZGxWV2swLU1KRzdVYWtvS2Vtb19ubDd2dlZlc1dDaHUzNXItM21EQVBUREdXeTI4RGNlc1R6UEtxemM1TDlxNGszZmxtRk9ZM2oyd1VLVThQUm1BNDRMSGxrd1FtOGE2MGFtU0hOQm1LcDBVZUlyeU9GWWRCWGx5RlpVU2w1c0V1aUZpTHNoZnhwRWNHSzROelpfX2FOUHVVeUFiR08xdw?oc=5,2026-09-03T07:00:00+00:00,hindi,group_0115
2e0c186f30faf1a4a82fa19eff100990,Google News - Govt Scheme (Hindi),"अन्नपूर्णा योजना 2026: पोर्टल लॉन्च, हर माह 3,000 रुपये पाने के लिए ऐसे डाउनलोड करें आवेदन फॉर्म - Tractor Junction","अन्नपूर्णा योजना 2026: पोर्टल लॉन्च, हर माह 3,000 रुपये पाने के लिए ऐसे डाउनलोड करें आवेदन फॉर्म Tractor Junction",https://news.google.com/rss/articles/CBMiwAFBVV95cUxQOTRHRG5aNl80VHhoVzA4VS04QWgweG56TkQ5NnZoR25xSXNwSU81eWpOOXBaYjRCZU5oMWRIcmxVaGxkSTZqT2tDUUpaWVV6bVg1QzNoUHpTQ0oweXlyWmtMSHd1MVJvNmJMSTdZWGZHY3JteVZmYlJweGpqSlhGSkNNMkc2VmJOY0ZVT3N1SGFRR04yZldCR2MxeW54RFpsN19jenBGbGRpQnM2QkRrbDdlTEw1NWNscFJkSjg4dUXSAcgBQVVfeXFMTVQ0Vk9ZdTNySVFwTEE1WWx5TFNEYkppQkhGRXRuT3lzVG1uSWppQTF3LUFSSExfOGpIaF9HWDlXaW9ieXJnS2piMEo1T1I1cUNmbmdxeTFkblBNMVFwazh6a0ZIMGtlWW0wTDNINFR1Z1RqM0ZZMTRJZHVaZFFWMjV4MUF3VU9zLVVrYXJUd0VkTElnNFd3c1ltMjlsWU9hYU9UOF9NLVAwWVpzUWtmNmhwNW5aTTdsNmIzRW9oLWQxeGYzVjFheks?oc=5,2026-05-31T07:00:00+00:00,hindi,group_0116
ce5c037acc4880a26a4a8c5ec3e8d06d,Google News - Govt Scheme (Hindi),"बकरी पालन के लिए 7 लाख रुपये दे रही झारखंड सरकार, कैसे उठाएं सरकारी योजना का लाभ? - Jagran","बकरी पालन के लिए 7 लाख रुपये दे रही झारखंड सरकार, कैसे उठाएं सरकारी योजना का लाभ? Jagran",https://news.google.com/rss/articles/CBMiwAFBVV95cUxQUmFqdktOakRBdmxVLTltMTN5VzU1RUZBVVVJdjM1SU5rdnZBQjNBYVplTklWbVZlM0o2SU04R2tSdExMLV9OeG0yUXlsYTNLTnlVUktCLXNySFUzbklKQ3Z6OFVJTXRhdUdRNmNqQmdEVHF2czk3VzkyRmlpMlkybzBaZkhfeW5STHFvdFRSdDZ4R2FIZ09rSTJDakdqRkpGTTVSUjJ5bEZCUVludTAzcExHWTV5d0x5SXdzdW9aRGo?oc=5,2026-06-24T07:00:00+00:00,hindi,group_0117
25272a98e66abcaef200df6102f73945,Google News - Govt Scheme (Hindi),"दिल्ली-एनसीआर में सपनों का घर साकार करने के लिए जरूरी सरकारी योजनाएं, PMAY से DDA तक सबकुछ जानें - Jagran","दिल्ली-एनसीआर में सपनों का घर साकार करने के लिए जरूरी सरकारी योजनाएं, PMAY से DDA तक सबकुछ जानें Jagran",https://news.google.com/rss/articles/CBMitwFBVV95cUxQT3RSMnE1ZDRjUkg3eVBJb29QZU5yOWM5TkRjYjZjckFHU0NyZ0Fqb2V0cnNBTHFLMjBNQmY2eHN4R01KNjhWX3VMbl9WRVJycHNOczJ5VlktMnYxT3FWZVhJWkdlR1ppY29CcWJucDI3SlFLTWRPVnVWbk5lWlIwanRkS3Rla1FmZWdFbzI4TktSWmU1d25XSW1LQzJoeHNuY0JaOENBNlUyM3RZN2paYmUyMHFFNlU?oc=5,2026-05-23T07:00:00+00:00,hindi,group_0118
94beed3ca7da2f1a543105896a028aa1,Google News - Govt Scheme (Hindi),"लोगों ने रखीं सरकारी योजनाओं से जुड़ी समस्याएं, कम संख्या में पहुंचे ग्रामीण - Dainik Bhaskar","लोगों ने रखीं सरकारी योजनाओं से जुड़ी समस्याएं, कम संख्या में पहुंचे ग्रामीण Dainik Bhaskar",https://news.google.com/rss/articles/CBMi3AFBVV95cUxPWVdocUQ2N1ZJMDNvbnNNcENTVm9ScXdaUEVXWHdYQ1pJUG90S0tzMTJySi11enFtX0ZMM3JRb3ItYnZDT2NRMWFtZlNtcTFfRGNzMlExNjUwdnkzN3FrMUVXMDV6YjFXSEN4UUtrd3M1VjcwWW5TOHJuZnZIV2piZ2NCT3NnczU2cGI3TnNwSm1taXMxSDdSZ1NBV1IyRkdPME1TTlFNRTNKcEt3THFsQmltcXVBU1RVREdhTzRwU25hMjAzYlgwcFFOWVdmdEZlMXJ3dFk5LVp0M3JW?oc=5,2026-09-01T07:00:00+00:00,hindi,group_0119
92ace0e05c089c85a873af1147a7c28a,Google News - Govt Scheme (Hindi),"Government Schemes: किसानों के लिए चल रही हैं ये सरकारी योजनाएं, समय रहते उठाएं लाभ - aajtak.in","Government Schemes: किसानों के लिए चल रही हैं ये सरकारी योजनाएं, समय रहते उठाएं लाभ aajtak.in",https://news.google.com/rss/articles/CBMiigJBVV95cUxPUzlOdnpNWVcyRFlLV09jRXl3WV82aTk2cHVwZDU3a0E2SGJvMTA2c3FJMVJzVDFEZlZFTHcyUXYtdE9QVXMzR3hubFBtUVYxUUZjTWJ3NUpOQ3MwTzBCSkh3aUxlSVlrUjhKaXVGX0t1YlJmWXEwUFlOa2hVcFNPN3BLQXRGbmFyUGVGbTlzam1mM1Z5TzlFME9xVTNJOVhITkp1OElRcTVsMjFRVkViU083eW8yb2ZqVVJnN3hiaWUyeC1rRWhiVTliU0FFZ3EtQ2g3VkZpVGVpcVNrckhzY2dmYnBoQ25vTjk2bEx5YjlUYm1xTUhPbXNMMGRLS1paNWNzcjR2U3ZrQdIBjwJBVV95cUxOanJnbUxob0oxamdjdjMwUTBBOFpaVUVYWGJyOWZGZWJuSXo4V0d4Z3BtOEZRaXdQOEhYZ0tQRzRzb2lYUkVzbWlwUDRHZlJCRnk0dUlQaF9peVpKajZtTDdsc3dpU0tkVTlqOEpWa083QWwyaVdwM2lnMlVOSDE1cUk2M29yMW93OXdGMkxLekc4M0M5QTJRZWlMLUczR0dVRDlGcndwU3Fyd2VNLWZLRXpvV3htcHhPS0lPa1JjYndzLWpQRzVvRVp3U3hUQ3hfUm9tMkxFUm45aTZZRjAwSVpSd1dqWmFXSW1ZVE1jRkFjVWNjWUJIbk9hWFNPd1NlTXIxdl9sbFlYSEJPVnVn?oc=5,2025-12-23T08:00:00+00:00,hindi,group_0120
f22237c55ca26da31a0c25449290d92f,Google News - Govt Scheme (Hindi),"योगी सरकार की योजनाएं महिलाओं के लिए बनीं वरदान, NCRB आंकड़ों में घटे अपराध - ABP News","योगी सरकार की योजनाएं महिलाओं के लिए बनीं वरदान, NCRB आंकड़ों में घटे अपराध ABP News",https://news.google.com/rss/articles/CBMiwwFBVV95cUxQRmdoSmRSa1Foa25hRzdQejV0RHU0X1pya0VMcEFPVk44a3d2YWlXcXd2Z0t5LTFsbGtfWU5xTGdmZ0JGaEN4N2tGSE16MG95c00wNHp1MU9JLW1HUXZNUVQ3MW5aNGotSC14SXlud3ZsNjlsbVFqRFgwcHVHM2RPam84RFdYVk5oMERySmVnN1lyZWdBVkJYSVBpLUlMaHkzS005bWNOYlRwOURIVjJjb1kzWVhWczFManE2dTRZMGhtQTDSAcgBQVVfeXFMTzRfZWZWemh1alczeVFvVEN1U1BmdmM0WlNRSHh1cF96elBPbk9rZDIzZFZLcmlKQUdRSnJCaXNCUFlqaXRwYTU1RE1kdVJmcHY5a1VuZnlGVFZoZnZ2MVZ5alpoTW54U0FzeDFvUGhwWlRPSnUyaERfaEhVYVZTTXM1R1p2WDBzdUxCRS1NVW54bk9SVkVmQ2J4YUVTMWtsQW4tRDVJeDRiRVRmY1AyU3Z4NEhjQmgzNndNQjdCcmVHODF4Z1AzMVc?oc=5,2026-06-16T07:00:00+00:00,hindi,group_0121
701ca878c7ad48753dc4c89e3dc96fc8,Google News - Govt Scheme (Hindi),"सैंथल के निमाली में लगा ई-मित्र शिविर: 40 लोगों सरकारी योजनाओं से जोड़ा, 37 आभा कार्ड बनाए - Dainik Bhaskar","सैंथल के निमाली में लगा ई-मित्र शिविर: 40 लोगों सरकारी योजनाओं से जोड़ा, 37 आभा कार्ड बनाए Dainik Bhaskar",https://news.google.com/rss/articles/CBMi1AFBVV95cUxOOFgtOW9pY0k3XzI4OTRteW41Z05TMkJxSF9ueXVXekZWOWM5TzI2YWo1RWpReE4tMUJzX2llYXJqRTZnbEhwN3JDZjItNnE4d0RFSTZkaTJWbmdxdHhfbVYtS3M5UThyTkFkVGxfQ25pMS1yTV8tV180dW9paDNIS0ZtWkVRaDdsOVNnenNiWVVQOW9JMjdWRTN4OWtVaEItQTlXZ1NINm5xTGlsRFRtNU5pQjBjbE8tMUNIWWUtLW1SOF85ZUxuYnR4NEp3Zm1vWld4TtIB2gFBVV95cUxNQkt3dDI3dUdkaWg3SHF5WUFadVFPTFB2NFJtVU1rWjFiRTYyR1JhQXYyZEVKRWxmaGIwdVoxeGpRaUNvQ2ZtcXkxU3JpY09LRWR3aldrV0NYbnFXZ2EyNFR6QUVZZkFxVHBndkhkenBLLTBnVUc3a3E2MjNNVmhjcWhKaDBSQUswMjl3U0NTSUtnNXdkTjgwNWYxWGpHYnpEbzJwaTFGWGVXVjhxNHJsZUVfWUZjOVZmazJVSjdBcVJPZWJqTnJrZlluU3lSU0htTm1sbUFZSTRSQQ?oc=5,2026-06-16T09:34:59+00:00,hindi,group_0122
3f48f298225e93824d033d5bcd459772,Google News - Govt Scheme (Hindi),सभी बेरोजगारों को सरकार देगी 2500 रुपये? जान लें योजना का पूरा सच - ABP News,सभी बेरोजगारों को सरकार देगी 2500 रुपये? जान लें योजना का पूरा सच ABP News,https://news.google.com/rss/articles/CBMi5AFBVV95cUxONjhSWkVCMnMwUWlOLTRaVzAzaUg0SGhkRHJfUFNXcjNPaWRRejRpSjU0aU9ZTnhzV2Z3UlpPQVRFM21sSHBBdExBdG94NGhOY3JDX3lSWjB3aE8waGM1blZfa0dRd0J1dWM0OXZlQzh0SWk4RFNJX0hmX1V1WVhLbjlOdFl6Rmx6OFlCdWdrSHFtTGJvdFA4T1FXVXQ2RVdKSmE0VHF2TWtNRUUyNG82Z0FVbXBCTjVtZ2tqNUtJNlNnZVlaaF9Gc3V5T1NKbFpwNDJ1TE4yTXFDbnM2VGtCZjdGMUbSAeoBQVVfeXFMTjVkVGJZUnVtdWpwMGU1Z0t0ZmJlUmVMVFREM3lzcHMtS25Wbl80eFdOMWxpLWtaRmR3WUtUUlRtSzNqbnl6QUk4cUNDaHhxcGVzbkRreEItdm1iVTFLUzNfV3FXdm0xODBlRkNpbzB3ODhiS3Z6blZSMi1fVVZSdmI3b2NhVTlUSVpKMDJwNGZHRGlnUUdodlp3Vl9iaVh1QU1yVERTWkRjN1hiR2x3NWtPUUozQ2hMZXB0blhfNkJtQ0FSbUdQcldHSWZuTTZ3clhXazZ6MloxQ2xZa013VmxIbG9GOVVmU3B3?oc=5,2026-08-02T07:00:00+00:00,hindi,group_0123
053cd7b8dd8b0bc711492e1e79bcf298,Google News - Govt Scheme (Hindi),"दिल्ली लक्ष्मी योजना के लिए ऑनलाइन रजिस्ट्रेशन पोर्टल खुला, महिलाओं को हर महीने मिलेंगे 2,500 रुपए - DD News","दिल्ली लक्ष्मी योजना के लिए ऑनलाइन रजिस्ट्रेशन पोर्टल खुला, महिलाओं को हर महीने मिलेंगे 2,500 रुपए DD News",https://news.google.com/rss/articles/CBMiygFBVV95cUxNc0hteFFZbld2U1pyT21WRXNxRHNGMzhMN0w3V1hUN2xucFVWaVFueS1UemM4emRLRWhSUUowR1pPR3dDUWJBcFRSbC03NHRtb0xxeTl1dWJmMV9OUTliLU53ank2RXhDU3dkTFYyeWpVRXBqN3Ywb3h0MzN2MUxXWjhrTGJGRG5MQVQwMURqV3pWUUZUR00ycGpEWlhVRDBTM3VUUDh1dWZGNGlZWkRrWF9Lc0pPdWJVU25STlVDbVpuMEZITUc2WHNn?oc=5,2026-08-01T07:00:00+00:00,hindi,group_0124
406eca4df59652a64bf324bb12c5b1e1,Google News - Govt Scheme (Hindi),"महाराष्ट्र कन्यादान योजना: शादी का खर्च होगा कम, सरकार दे रही ₹25,000, जानिए पूरी योजना - Livemint","महाराष्ट्र कन्यादान योजना: शादी का खर्च होगा कम, सरकार दे रही ₹25,000, जानिए पूरी योजना Livemint",https://news.google.com/rss/articles/CBMi1gFBVV95cUxOM3lvc0FwNWJSMFBRN09SalF2RlkzU00weFdES1FIX0hMcmpzYTFRTTRvRVh5SVJ4WE01WnRKampXa3ozejh1TjZ6TFhNM0kxbEladVpvLW5lSWVfbUQzYVNzVU9MVGpGVF9xd1dmTVlDN0xNeE9wQ1gyWldZcXdCNEdJUWFaS200YVJ4SHlSYTk0VzNwbF9DbHJ1Y3lnUkZzaHgxWC1hdGRmNm9MM1hJbTNkMVV6RFNJV3V4SmVqdk5NeUtHVEotcWlvR1h2aUZqRnRxOGNB0gHbAUFVX3lxTE5CLW5tRm4xMmRqN3A5NEdmQUlnSDNUMWNVQVgxRko0YVBqT2RFVi1waVIxcmhaaUdDZWlJTnRuZDBMcFV5eGhxRUpMV3VmOXBnemhoaml1amFzd3daQVU5Wm9qTmNneXRDNmdweURVeERkUGxtX3JQMWRjaW01UkVxeUg4VVFBWXVuUDQwWTNBR1dad21pejMtYnNGejlGTGRuUElWZFZ0NDRuOWlfZVAxY3dzYkM2dmVPRUtHRkRJN0VoME9mM2taNHdzdnBlM3I3SXItSkg4cl8tYw?oc=5,2026-06-12T07:00:00+00:00,hindi,group_0125
6ba0dba29a5a51ec09fe8290a1f655fb,Google News - Govt Scheme (Hindi),"चिकानी पहुंचा ग्राम विकास रथ, सरकारी योजनाओं का प्रचार-प्रसार: ग्रामीणों ने एलईडी स्क्रीन पर ध्यान से सुनीं... - Dainik Bhaskar","चिकानी पहुंचा ग्राम विकास रथ, सरकारी योजनाओं का प्रचार-प्रसार: ग्रामीणों ने एलईडी स्क्रीन पर ध्यान से सुनीं... Dainik Bhaskar",https://news.google.com/rss/articles/CBMiygFBVV95cUxObG52M3BJZEZRbnB1TE1ycDdlVFVMTjRPTFR1U1Q3NHNKSkw2X0ZrejMzQktvQVRha2ZleDBXdm5mUkhDOWtKbms0RV93YUxVMzhwUDgwMm04N2NmUGdRQTBPOHEwNDJhU0hMeVY3ek5VRHYyV2puVUMwTEl6YkduMS1lSHczUS1FRDhCM3pDLUZqX2xUZ0Z5QnUyOXJGUmFqb3p4U3dMbkxEOXphcFRjem1NRXd5eG5vQ0JlWXNGYmhCSWFGb3hrSGJn0gHPAUFVX3lxTFBleWNqWEE0OER1b25DbU1pUjBzNEVBQTNSR2xxcXlJNElsNElwenAyRDlSLXpOaTJsaGF3cHdfems1TmlWVTV2THdmanA0bkdnUzNJM1pRQ0duTE5pX2M0Qm9sRU1KdXdkVFVzdDdobzBQVncwRDFRMXFrbFFESDVXckxDcUx4Z2ZKQndMbzJLY2hySTJUVFBIanNsZElJVDkzMEhCUXJuZjFKa3YzZm16NF8yYmYzUkY3WE9hMGZscmdsUHJqZHRVUmpjR2VhSQ?oc=5,2026-05-07T05:28:17+00:00,hindi,group_0126
860bea6ac1b6c765697a4e9c461a3945,Google News - Govt Scheme (Hindi),"इन 5 सरकारी योजनाओं में मिलता है 2 करोड़ तक का फंड, शुरू करें बिजनेस - Livemint","इन 5 सरकारी योजनाओं में मिलता है 2 करोड़ तक का फंड, शुरू करें बिजनेस Livemint",https://news.google.com/rss/articles/CBMi1wFBVV95cUxNMllpWWNYNkt2SUYxRlJ5Mkx0U0xyUklUTVFoMUNTUW9ObWR3MjVHUUdHbDJIUXo1U3QtUXJ1M1BmWDlkS3JoY0s2UzBoTk1GemdTWC1VbFBrQkNvRlMxMjBwZFRPM2FmZXVfSjBpWDZNSWNrbmJGZGNTLXhxeFlTUVB1V3hBSWFZRlFiVDNvZGVDbDUybUlWeHlHQlF4Ty1Ra2hpcXhkXzJ4Z1hQdVhyU3Q1N3ByeXpSMWJRWUMwLUFKaUhnRkJjSEpraUdhVDUwUEc5OFYyUdIB3AFBVV95cUxNQ2RSYkZkbjZiVGF3MHdudnQ2RGctVVpRTWI4NjRmOXp0V0FmTE9qT0Z1aU1OOTFHQnhvRDlvMzlUQlRTR3lSSmlkU3p5dXhxWllhT2cyUkZUbVB3dUFDSk8yRG5uZkpTc2NWNE9zWVlrUzY5RHhGQUE0QmRnOFBZUkkwNWZvNUxJMmcwV0hNdVlndWVxUmFsQ0x2a2hQWndYa0Q0X0pNUWpZQWpUTFF0YlZtWk5VNUUxeWwtNHdFaEVIX3JtT2t0STExY0tyRFcxeG85S29IaEQ4cFJI?oc=5,2026-05-05T07:00:00+00:00,hindi,group_0127
a4bfd6767c4969b0813deeedd0426601,Google News - Govt Scheme (Hindi),"एक्शन में सीएम सुवेंदु, SIR से हटाए गए नामों को नहीं मिलेगा राशन, सरकारी योजनाओं से बाहर करने की तैयारी - cm suvendu adhikari action voters delisted from sir will exclude from rations and government schemes - Jagran","एक्शन में सीएम सुवेंदु, SIR से हटाए गए नामों को नहीं मिलेगा राशन, सरकारी योजनाओं से बाहर करने की तैयारी - cm suvendu adhikari action voters delisted from sir will exclude from rations and government schemes Jagran",https://news.google.com/rss/articles/CBMi7gFBVV95cUxQeWFaQnB1NmlnTDY2aXAya2ZDTy1hLTdJUlpJYWFzOVVCRUt6N3lQUmJCa1lsNmd0dk9lb3JhU3dIb0xSNUpIdkhoUHVqZC0xaHB0Z0VxYXUxelV3MWUwWlk4U0NpekxVb0ZEekgyRGVOd3NwNGV6MFIxZnBfQjUzdzBoVFF3aXk0YlhLSEQwVkotWm1HcldpR3h2dG1zalpCeFpxLXFxRFBCRzhqV0lLd2I5aEJzMXpXN19Ua1FocXR4V2NOOEFSRXJ6U0I3MW5yN3UtMTY0bEZVbS1fakZYOFpwcGkyZFJmX1dFYVpB?oc=5,2026-05-14T07:00:00+00:00,hindi,group_0128
d9fb84a5e2971202400eadde26e95db5,Google News - Govt Scheme (Hindi),"यूपी के डिप्टी सीएम ने विपक्ष पर साधा निशाना, बोले-जन-जन तक पहुंचाएं सरकारी योजनाएं, विपक्ष के पास एजेंडा नहीं - up deputy cm targets opposition in auraiya says take government schemes to every citizen - Jagran","यूपी के डिप्टी सीएम ने विपक्ष पर साधा निशाना, बोले-जन-जन तक पहुंचाएं सरकारी योजनाएं, विपक्ष के पास एजेंडा नहीं - up deputy cm targets opposition in auraiya says take government schemes to every citizen Jagran",https://news.google.com/rss/articles/CBMi4AFBVV95cUxNTWxHRnhnS3UwS2VXLXlJcHhVbFF0RC1HOXVWWHVoZEdfa3NGUEhDWW1XS2pXVFdzcjVVTDcwcDdhRTRUeXd3aUI3UXd6OFdjUlBodEhuYTBqVXNyV3lPeHRFLWlRLWlldEJERWprVXdhb3hjRkRzT0pmWWUtckpOY3Rjallha2pORHAtZ3pBd3NMbVh0YV9IWEJaOEsxVXY1TkIxMTBZcHFfb3hldzB3bFUycjNBR2pTMHZPV09kb1pJd0d0WnlpYmpDN1gtUnU3OUR5VXB1elU1VG5KblZVWA?oc=5,2026-05-26T07:00:00+00:00,hindi,group_0129
7d38b389de0e06609d9822253096a41f,Google News - Govt Scheme (Hindi),"गोबर से बंपर कमाई, बायोगैस प्लांट लगाने को 2 करोड़ भी दे रही सरकार, क्या है गोबरधन योजना? - Navbharat Times","गोबर से बंपर कमाई, बायोगैस प्लांट लगाने को 2 करोड़ भी दे रही सरकार, क्या है गोबरधन योजना? Navbharat Times",https://news.google.com/rss/articles/CBMi_AFBVV95cUxPVGRxOUtzck5jemY3ak1QajJrakxCNnBGVV9Ib0pleGlaSU1vLU1xM3RlRlBuSk9VZjQ3bTJHekpzU2NhNFl4UU5DV2d0a2hmVUlMVEVWQ0JWTlNnMEd4c09FWWt4MUhOSlMwcENGYUp0aUJjYXhvY3RsZHVDY3g0dTBrLUktVWZwWnp3N2hpYWFZUGk2bDJPbEtMRnlnS19QNFdIY3lleDRCdk5FVVUtQktMck9wM0FqcS10cHp3WXBkanBneE93WFBvRFBlOEpzVll4OFN4MU9OdS1XYTNnUXhHYXNFNk9MRmtSaUZFOThHWmxOS0V2UXQ1NFbSAYICQVVfeXFMUGdkWXlhOHA5VnYyczU2Yk5ud1NZVzIweEswcGxRVzRIRkxQUl9RcTE4aEZjZ2hJaXBYNkpJX1lZZU9PczJjUmxCUzMxYjMwbkRDenpyY0pGOG9NRzBJbWdrWTk3cjZBT2VHZkkxT05nWjRmMGE1blRkc0x0MHRqcWJmTW4wX0s4WWFrcDRaWE42d19sOHFVbTFyeEttZGZOcmoxd1hGWjNfUllyMncwalJhbjFxN1IyN3BXUUdFMkJRMWdoOEZMWjNrM2ZzQ0xmQ1lrRFlhd0ZVc0tMdW5ybDJLWkQwNC1NdDJnZGJkQVdMdkJIQWFOejN5X2d4SS0wRUFB?oc=5,2026-08-07T07:00:00+00:00,hindi,group_0130
927f9b286d87c591728942cc818afc86,Google News - Govt Scheme (Hindi),"PM AASHA Yojana: किसानों के लिए 'सुरक्षा कवच' बनी यह सरकारी योजना, अब फसल के गिरते दामों की टेंशन होगी खत्म - Navbharat Times","PM AASHA Yojana: किसानों के लिए 'सुरक्षा कवच' बनी यह सरकारी योजना, अब फसल के गिरते दामों की टेंशन होगी खत्म Navbharat Times",https://news.google.com/rss/articles/CBMisgJBVV95cUxPZHNVci1CMUJRQ0p6VjZLZk80M09uZ2hxMEZmcF92UGtoaFNqVy1EeDRjSkNmWTlvR0x6T1AtZW5IXy0tTF9IZS1zLUQxT24wUjkzVVNuVkp0b3ItN1d6TldRTExhWjhVZjF6SHd4WTVaWF9uZmdaNTE2YUtGbWRKR2JSeGl4Vy1PbFRJSFVSN1VDU1dwUHJaMGtYLVMzM0otakF0M1hwTWQxTF9SZ2ZSTWV4eXppdGN5Vzg0c1VmbmFRSFE3NXdqU3M4QjZqSTY0bW5jMXg5b0VucHRNVDJxUkloNGprd01uTTlxOTZGcUhXWUhwWEFkSzdFME9fUmhNV2F4UXE2WFIxekpNWjNoSzVWbEI4WkQ1TlZQMG9QVDJqckpabi10YkQ1ekpuWE5TUmfSAbcCQVVfeXFMUDVzRjVLT3lPbExZejFFM3VGQzF2V2Fxa2xtemxZejlKckFpWWI4Wjd2T2JfZGlqd25kbmR0OXhzSEo2TnRRa2RrNnBYYnBVbDJHbVhlVm9aV3I1UkFzOHJqOWtXcnU1LVh1QjNXeDNQR1BJcHBnQW5lN192TUVDR1pBOG9NQWlGVERfYm00RHZkLUtITTJyYWcza21GOE5PS1B0UWhIeEQ5OEY2T1I3T3BldU04Um9IY0I5Z25zeFdGeU1RNTFyWXAzSG9IeEdDRkQ5T1BRQS0zQlh6WEV6SGxkdEUxSXdUdDg4eHRTYU9xaS1YcnAzSFdhNHlIcENVekJDSUNrNE1rdUFzdVdjeXZSZWhyemJic1lDRUJJeHU0MEFTbjVjUWVwSEg1VVpzR19mVHJIY2c?oc=5,2026-04-05T07:00:00+00:00,hindi,group_0131
406560febc2c094cea18eb90c59f7ef5,Google News - Govt Scheme (Hindi),"महिलाओं के लिए बड़ा तोहफा, हर महीने खाते में आएंगे ₹2500 - Tractor Junction","महिलाओं के लिए बड़ा तोहफा, हर महीने खाते में आएंगे ₹2500 Tractor Junction",https://news.google.com/rss/articles/CBMitgFBVV95cUxPZWFibjFMbEdYeWhlVmJ1V2J3Mm5HclFoRVBHeEJ1Yjl5UE44N2pPeG1uaWdJbU9sOGpoUFU0UUlnOU9PRFNaVzIzTGdPd1ktV0xqaDRYYlh5U0RkUkpBdzlnVDJHU1lBbHVoVk50SmVhNklZWTg2TFJZWTBrbTJja2RGY2tKYVVfZkw5UDEzeGpSeFRGWDF4WFlZTzVSMzJ0ZUZwZ1ZvWUZkZGRWSHpjb2FhNktvUdIBvgFBVV95cUxNTVlmcWF1U2tCYVUtX24xWElCZHNVM24xeDZjcmliNEdKeTZ3c1lXb1otU2JYNzlMODRyLWpMWmZJN3gtaXp6ZUJ0bkJxWmlITHJJWEw2QURuSXItbWxCVnItNGpLVS02Z0lsaHZlRXJwZHg2V1pPU1NqV3dsWFVpLWxPV0JPVURPRFo5RTVEMUdDRGVSTzl1cTRRRnRJWmJnc1Zqa2dXZnFmRHFxTURWaDBvaWNTemxMRnRLckFR?oc=5,2026-03-29T07:00:00+00:00,hindi,group_0132
0de4e67ce75aa5ba97823a1ee29b4d93,Google News - Govt Scheme (Hindi),"सरकारी योजना: योगी सरकार किसानों के बच्चों को हर महीने दे रही 5000 रुपये, जानिए आप कैसे ले सकते हैं लाभ - Livemint","सरकारी योजना: योगी सरकार किसानों के बच्चों को हर महीने दे रही 5000 रुपये, जानिए आप कैसे ले सकते हैं लाभ Livemint",https://news.google.com/rss/articles/CBMihgJBVV95cUxNeWg5NXhXM1NBLVpQNVVBYlFLUHVVODIwd2RmNW16S05mOHVUYUl4YzRXUnpyUjdwWXlvZ1RuYmlfak9Jc1BZU0JUMDFUYTdSRUFLU1duUUE0OVRUSmd4bHNRLVRRMXhfQjJOSTJ4R3Q1cjNOaGhPUkJ2WHJET2o0MC1IU3pPYzFXRWN0MFd3azRqSGdmbF9GaE1PM2xwZGplWEdHOXpyWTZUdWNVd3lDd3BmTkphc0Q1RU1JdEhHY3lhNmt2NzJVRUxGd1paaC04ZW5EclZBcWxpV3dpZFp4RHdKZlFuOGRzRHZuc1o0Z3VWM0dwaFowZzd3amtIcTZUQktwWTN30gGLAkFVX3lxTFBKUWJLaDBCNF9MeUpweEdqTnRLTjJramlBWThyM2x6SWtmajJvYmVRaGxOQXNVWlk4QzlLS3lNN1htVnBkZGVtMld1end0QUVmdW9INTlzQkN0Mkw1dHRmNzVoZWo1V0ZnUm5aTHZzcTViai1zSGUtOGtqSFVIN0M2eU12eFJrb3ZHcndjNDdiOTB6MFlhV1c4SDV5YzlXV0Q2ZXN3LVhFYzZ6X3c0cUU5WkhWZ0ZoeTNiLUNJZ3c5WTZvS3oyNUQzT1U2MWJOWE1ud3Y5TGFDMkNPYS1mRkJ3bFN3YkxHSEpMN3EtY1BZQzBuUVppSzNXamJid1BxQ05peGtjMlpZc0RWdw?oc=5,2026-08-08T07:00:00+00:00,hindi,group_0133
2683956cdb03b56610a02cf905fc038f,Google News - Govt Scheme (English),"Government Revises Mutual Credit Guarantee Scheme to Support MSME Manufacturers, Exporters | Akashvani News - News On AIR","Government Revises Mutual Credit Guarantee Scheme to Support MSME Manufacturers, Exporters | Akashvani News News On AIR",https://news.google.com/rss/articles/CBMitgFBVV95cUxPUHRjOE9uOTMxQ3JuXzctRUtHQ1dtaXJxZ2h4WV9aS2JCMUhoaVJWSXRGbFY5bXlZTTc4V2ZfbTBDeEpvNWdaSzJYVWdMbmZTQVBpRHFhMlJoSDB0VXRaUV9Fal8ySmw0VzROc3k0eWtXbnI4ZXdLNS01N2hLRjJGV3pOZXVnVVpmbEZFaDFtQ3pocUdNR2FNLXh0anBrT3M3WHRYYlRxb1hKeUhLeFJMV1NJQWJiZw?oc=5,2026-09-23T13:28:12+00:00,english,group_0134
f7c9947fbc2c7d1986159c617279346c,Google News - Govt Scheme (English),PIB Backgrounder - PIB,PIB Backgrounder PIB,https://news.google.com/rss/articles/CBMiigFBVV95cUxOclZmc1pfd3NCUzZNQmpaX2FMcWlZTTk1c08wQ3lTLUZNLWxwQ3FvQTJVVkJ5ZEtxMHdzZzJwX0Nna0YwNVhfVWFpalBLZ0FJRUJBXzBpMGd2YnV0RHUtWXlfYjFmRkZkc3UzSk84UDY5RmkzN3VqMi1YV2tyLTJaTFJESTk0ZnA1dFE?oc=5,2026-09-22T05:38:00+00:00,english,group_0135
d0bf51ae78b3a77e285c5c891aa7f6cc,Google News - Govt Scheme (English),Govt committed to weather- based crop insurance scheme for apple crop; awaiting GoI nod: Minister Javid Dar - Greater Kashmir,Govt committed to weather- based crop insurance scheme for apple crop; awaiting GoI nod: Minister Javid Dar Greater Kashmir,https://news.google.com/rss/articles/CBMi5wFBVV95cUxPQ29YR3VaNEVwLTJIbVUzVmVhdGNpdTdJZ1dIYmt5bnBXajRLa1VkdXhBdzQ3MzdINWtjSHNVVXN5SXVSUWVGZUJNRC1WM0RuTHRrVUE0Z1BpZXhudEFSd3NKbXRUOXRibDhGS0NUQjZoczQ0RDNOaFdtM0xoYmtFSEI0VXl1MjcxWWZabkw4a2NDUXdyb2NFT2hXZUVGT2x3a1JxYnN3YW84akR6MUxjSllkQlYwdVZ4dEtZVXVjdW1sam1HSW5TUkZUZFR5ZEZjS0p2NW1Wa0VacE1JRzNpN3BKWDd0WWvSAewBQVVfeXFMUHZyV0tGa2JPaHJfRmkzZ3NnUU5wVnY3cThRN0ZqLUtFYk1TU0g4VFlqdXpyZzMtdmJTcHY5cDlSb2lWSWQxM1NpTXFQMEpYTlZVY2gzMERyZkRYWkcxX2ZVLXUyMncyZDdtWVJ5UldvT2VCbXdZWUxzN2JFNlM4T0VENDViRy1SWGRZYXZGR1BJZEN5aFhBY3R1eld5YmZvajByYjNlMGc4M3Byb3pfd1prNTFMQU9UcFI0Q2JVcldIRXEtc2pLRDlvRW1Zd19GVjFKbDZSaWRxYzJyTjNjYlRveVIyb0haWm5ZM0Y?oc=5,2026-09-24T05:33:28+00:00,english,group_0136
6dcc68a9c6e226507e9378a3f87b132a,Google News - Govt Scheme (English),3-day bank strike from September 28: Centre government employees to get salary in advance on September 25 - The Times of India,3-day bank strike from September 28: Centre government employees to get salary in advance on September 25 The Times of India,https://news.google.com/rss/articles/CBMi4wJBVV95cUxPc19XTkRYUEVoSFF2UGN6dGp1VkVtQmVEU2pETFlKM3BtaFNHMS1NTFRxRXJfcUEtSWx6d1gwZFNDNjZqbnpvWnRCSmwzWV8wcmJUS0hDX3cyc3VyeUdWZGlDVnVJcEVLWkpzN3VaRFUyY3lIV2xxQ2Z2b0EtRVN5QWRQR0lrVVBsdHZKTFBXMEgtMHdwOFRBOVYzR3E0Ym9JQTVZZ0ZUUW1qLWpuaEIxTEExQjFGUEJ2V2lMQ1lpd0dWLThhdWdHVTAxdzhRZDdTVHRXdG91OGNjNVVBT0U3ZGNHS0tiNFdOZ0dHZHBuTDhSZ2FoRlEtUE9pZXZYQnFUZk1wMlJSX3Y2WlFJNXFWWXJSWUVqOVlmbFdQVEFpNHd2LXZVTEtoUW9ReGR1VUIzTllYRjZ1QTFiQWJCeDlHRGtLcFRoSFo4U0NESUZxVlpFMlkyUGlRaVZfdXlsLTBtNXBn0gHoAkFVX3lxTE1hb2Vxb1NwbC14WjBVeTMzcjd5aG5zckN6V2VfUzd0bmRtMHdHVk5NbWpVWXNXZzJrUVpyVzJUSE9aU0hzRTVVRDBrVEE1aDAwQUh5V2RTcXZnQWZsVVdfSlJrdFZwTzdvWlRlRnRzblZUVjRYZjg1WVZnU3EtbHpPWFNZMTlQdGppaF9KNUIxWDBkcWdXb0M3YzhIejlQd0tMcEttdVBwSTF6MHN6OV9YejBJdnpwTGZISXJzRkxFXzhZZms0Um5wdmJoSnBOUXNWLWg2UEMtaDhYSzUwWmpCcGtlZUgxZ1N1N3JsQzBZNnVDWjROOVZGYW5GNXB6aUowSzVnYWxnRjJSUGFZVW0xYk00RTZ5OVdkeGZzTk52cGhOLXBZOU9tQ1NBS1dDYVVybjRDekh1d3FxZlF0MHIyVmdOVHVaRzQxbHNXaEZsbmZ1SDhUWDBNYWZVMHo3MTFNQmR0Y2lVSg?oc=5,2026-09-24T07:29:00+00:00,english,group_0137
2b91cb8c750cdcabd3b69d45a6caa9ae,Google News - Govt Scheme (English),"India's Agrochemical Industry Body Seeks Rs 5,000-7,000 Crore Government Scheme to Cut China Dependence - Global Agriculture","India's Agrochemical Industry Body Seeks Rs 5,000-7,000 Crore Government Scheme to Cut China Dependence Global Agriculture",https://news.google.com/rss/articles/CBMi5wFBVV95cUxPOVdXanhjb3NrTkdMSUVqZUdKQmN5cGppVUVBQlFqVkZEUHZuckF0ZnNnQTNEM2VpMk9Ydk91TnM0SHoyTmJwWUtJMlpLZGs4dXBUNmRBalVRYzZuVDBYck5wWjBCTnUwaFZocHJmWUQ1SVhXcGotbkl3Q2JmcGFUbEIwZm82VE94NVpIenFZWkY2Z0VVXzN5QmM5cVBIT1B5d2E2OU8ySjNUbk9xV2paWVg4a0c3cjRSTGNPT0Mzc0V3RzhLdHJWQUlSTUNfVGFFNzdsTWZYbUR0TU9pLVZLVGdFenplb28?oc=5,2026-09-21T15:48:31+00:00,english,group_0138
1f4370a3627ea28c0f0ecb374f92b47d,Google News - Govt Scheme (English),How the Indian Government Made a Worker Welfare Scheme Toothless - thewire.in,How the Indian Government Made a Worker Welfare Scheme Toothless thewire.in,https://news.google.com/rss/articles/CBMiogFBVV95cUxNY0Z5NjNBSGFidlpsR0hlcmhZb0V3R2dSZFdmNlU2VS00MGhHOGZNVjBYdVFCN2tqY1luVjZHQ0piMFVtbnpSM3Bjdnk1c3hZT0lpckh3UkswLVhIOHRMTlNMck5PczhSX1ZLM3lFeDNxMEJnVXNKZFptN0JYdVBjaVRSNjhDTllYUlZWS0ZCY2xyX250VG9KblRuVDlJQjZWNHfSAacBQVVfeXFMTTdFX1hpSkgyWjFnbGx3WHhjSUV6Y2FNbkRSN2lfYXFOLXhDOHBCVXVPT0lqUnRvclprZGJDX0o4dURGbGRqRGdZSVFySWNoZWV3cExEYl9jeU81WmVXR2lGWFBnTkxOYW8tbDAteGVhQlBnaUx1bG40SERiWl9YaXp6VWhGWkktNVBXM1duZDRUMU5OWEZTMkFMM09NUGxFZTZ1bHZpZXc?oc=5,2026-09-18T11:25:26+00:00,english,group_0139
707c7f891deb0e10f4819d5edc853477,Google News - Govt Scheme (English),Biovigilance Programme of India: Features & Significance - INSIGHTS IAS,Biovigilance Programme of India: Features & Significance INSIGHTS IAS,https://news.google.com/rss/articles/CBMigAFBVV95cUxPTTI1VG00cDVvOGV2Ti0wZm84ZGZZNDRsTVlGbzNIRURVTjJJWjAxeUJScllIWkZrbjJvdTVxMDd1VTZ6Ynl4cm90VlV1SjJCUHdSWDljZ2lPajJEdmk1ak81Z2xiRVBCdmFUc05VeGFLSWJBbk85ZW13Y21MdFB4Nw?oc=5,2026-09-23T10:45:52+00:00,english,group_0140
e842d26e47f028b7d80c3d6d6b07e104,Google News - Govt Scheme (English),Delhi govt takes welfare scheme awareness drive to Metro train - The Tribune,Delhi govt takes welfare scheme awareness drive to Metro train The Tribune,https://news.google.com/rss/articles/CBMixgFBVV95cUxQbjBDQ3FrMFZUemtxZjZjelEtOW81Z0FJcnY5Y1Q4dWl2QVFjUTFrYzdweGJzSUdYM3llNk82SVJTR2tSVXRsWmZUMmd2MFZNMTFJOVMtN2J4S1IzWFJ4RU9JN2cxMVZYYm1JLTNpdUlmWWhJSEpuRUw0cWxaeWE1SkZzdDJxekx3NWtVYjZTMjZfaGluOFhWQmZCRDdNbG5kN3VDU0xwQ1hLSS1RYVVBbnFMTl9rd1MtT3V6bC0zNGVaZWFGYkHSAcYBQVVfeXFMUG4wQ0NxazBWVHprcWY2Y3pRLTlvNWdBSXJ2OWNUOHVpdkFRY1Exa2M3cHhic0lHWDN5ZTZPNklSU0drUlV0bFpmVDJndjBWTTExSTlTLTdieEtSM1hSeEVPSTdnMTFWWGJtSS0zaXVJZlloSUhKbkVMNHFsWnlhNUpGc3QycXpMdzVrVWI2UzI2X2hpbjhYVkJmQkQ3TWxuZDd1Q1NMcENYS0ktUWFVQW5xTE5fa3dTLU91emwtMzRlWmVhRmJB?oc=5,2026-09-23T23:55:54+00:00,english,group_0141
72e656fd2d63692314a1ae51b6b46ea1,Google News - Govt Scheme (English),"Vijay Builds On MK Stalin's Breakfast Scheme, But Gives It A New Identity - NDTV","Vijay Builds On MK Stalin's Breakfast Scheme, But Gives It A New Identity NDTV",https://news.google.com/rss/articles/CBMisgFBVV95cUxQUzVvZUM5LVI1LWI1SG5Da3hEd0pJQzd4QzlQVjRBX3pDTGNfZUpRejdxVmRIemg0VkltR0kzdjg3emdOcFFWN2RqVS1qZE9JbWFEdVh6T29XWEZ4S2JESUg5T2pSSGhXSWRvSHlwcWdDdVpybUpGbDRSY2NfVWtldEMxOGxBbHhQVzN1THlBY0FiYkdNd1Z5MElEczdlV2gxT3N5VU8tX2I0ckQxdWxYQWxB0gG6AUFVX3lxTE1wMURRaFhHY01TT01ocW90SDZoUkMzN1VCNjZqRmxhRlZjcjFKd3o4LXJDV3ZidFNoLVNCYWt6UnNveW43Z3NyM19VYjgwVEZfeVRGQU5DYURkTG90UG5pZEYxQS1vRUhnRWtINlVTQ0F2SkNsSE9KbXgzUy1pTnduVThrT0JxbXNNLUdfcHEyM2VpS0czLWVtV0xWbFRaRFdiYkRpOXM5YUYxMlVWNDdsUkJMdm1IVXJ6dw?oc=5,2026-09-22T07:00:49+00:00,english,group_0142
6a6587fa6a13facfc13e98fc6e21f25b,Google News - Govt Scheme (English),Chennai: CM Vijay Visits Government School Following Breakfast Scheme Rollout | HT India | Videos - hindustantimes.com,Chennai: CM Vijay Visits Government School Following Breakfast Scheme Rollout | HT India | Videos hindustantimes.com,https://news.google.com/rss/articles/CBMi3AFBVV95cUxORExBQmpnMWxRQ3pQYUNxN2FDMHpveFJHeWZXLVpPQk5FbGRacFk2d1ZQbDZLcnRaZTdvU3pSTkc4TzQtMDJHTHlFV2NfOF9oako5eTRoaXVLU19uQlEwVzJ6MDlXZ0VFcUcwYk1hZmxTYjFxM056YkUtekhDSm5BZVRSeTRMdjFKV1BOd1BVcEJKSldzcDM2dEt3YW90bkNMNkM4bi1MZzdvVk1xZXVHQkl4MkpOYnl5bVEzdUpHVWExUDZMOEVqaGRSUDdtQXM3RnBGanRLenZZLUw20gHiAUFVX3lxTE5yZi05LUxIdHdNTl9WcFlDNGNhbmFnX3lpMVc1SEVhOG54WnV3NmphSG5NN3dFal9LY2xTLWtRNzdCUHJ4SWduUHQwVUN1QW5lT3YxMnhka3I3Ql9WcTNkRkxoTmM0T1BzaUE1WTMybmRUbDl0TzBpQkJHaG9aSHhqS2xwMEJlMGZ4aXpScmJSOVF5VVliQS0xYnJkaFR2c2dJbUFYX0g2SXRFMnVma01nM3VHNlJ1NFJzR0dHZzFIQ2JUVDVwWDJuTGlUWmEwV2QwelpqbVNQRzlHWWY1Q3NfaFE?oc=5,2026-09-22T11:20:28+00:00,english,group_0143
73a6d4d2c997df38ff6aee5a8d5c44d7,Google News - Govt Scheme (English),ICAI seeks bigger role for smaller firms in government consulting to build India’s Big Four - Moneycontrol.com,ICAI seeks bigger role for smaller firms in government consulting to build India’s Big Four Moneycontrol.com,https://news.google.com/rss/articles/CBMi7AFBVV95cUxQMGloZkhNMkNxWndVNzVVTGRhX09TSGNCRFRlY2o2N3BVQU9wRVZjTG9uV01ic3cxWHdOMmpCZWlKZDgteUE5YUZ0NDh4UUZtTzdQZnFZM0tTRUhvcW1tSDFoRUN3Mlk4cGFtb0R2SFc5NmdkUk4tMnl6NldybExNMHdYbXdkcE1GX3EyT0FLcEZPX21qYWhSa0dJZWR0U2J3cnp1OGRJajJyYThrOS03eXZVMUM2WHRocjZnOEFmMnZIMnl5UmVzN2xrZlo1eTZsblEwdDRoak5scHFzZ2N4SUs1Q1FqdmNJVURsWNIB8gFBVV95cUxPeFdyeVVTXzk2U0RJVVRfbFZkeVRwbllOS0g5dnpsOUZQR3RaZGlSRmNCeDFFQ2FDSWFENGxqcWVTN2l3YmJrOWxBckJ5OU1sSk9yVXdjQ0ptTE14MW1sXzByWGZoczAyX2VqZHp5Y3VpaXA3XzlMUUQyZzBlWUo0dTd0ZUZqczh2Q0RyNlNsLTJ0NU5jc1BWQm5wVFh6X1F0QkQ3TThHWUxMNkdFXy1KTzZUOW1Pb1NleS1Ec2lrNVhJbnBLNmF5WS1MamFjbFlQeFREUDZDcHFuSWtKeWdoSGxVRDlYTXphOUhJT3RhUzQxZw?oc=5,2026-09-22T10:48:54+00:00,english,group_0144
71749e31c34d934e0885d5af88907dc4,Google News - Govt Scheme (English),What India is really testing with its proposed ₹10 and ₹20 polymer notes - The New Indian Express,What India is really testing with its proposed ₹10 and ₹20 polymer notes The New Indian Express,https://news.google.com/rss/articles/CBMixAFBVV95cUxNUF9haV9DbHFtcUhjeDJnbTdsUC1JRmdndEtjbTVjNUdOdDJ2aE81ZThuLWFqZENpYkl0WmRBWnRQdzVtSTFETV9kaldqRmVvN2QyaHRueFFKU3FYOEIzUTJMc3ljVlJLaWl1a2pjNGUzWmNTN2tKekJKa3RRYUNKME1STzFKZE1ObndySlNMcEdZaEpvT2xHQmNVYndKdmM5cHM0eml0TnhRa1RXZlNRaGtOY0xKZlYxX0NibG56SDBFNFlJ0gHSAUFVX3lxTE9pRHlTcm5KVUQ2NmhvTTlOZXZyQUhNWFRPU0toQ3VVM3BpTkdWdjFCQk03ZWdkeWtScUNycDI3RlVCRzBZSjdwVW5pTXpmVFdEUEtfSHlORE0wZnQyVjdWZWk4Qk9tZTNhU1FUckl3bFN0YTlyWFRfYlJGTE5lLThsNzdNVXl1SkxOdlB4OEVtV1dYZG14UUpqRUdDck1sakZYU29yMzlmMXo2cTRGNl80LTk0QmpmX1E1dEk5WVRoSWpQQndFdVRMSmN5ZkVtcWs5dw?oc=5,2026-09-22T10:53:39+00:00,english,group_0145
839d9bc4a4420aee4e5a336deb7a97d9,Google News - Govt Scheme (English),How UP government subsidies are changing economics of farming in Meerut - India Today,How UP government subsidies are changing economics of farming in Meerut India Today,https://news.google.com/rss/articles/CBMi-AFBVV95cUxQLUdYNGRWb3dIMGd4TFZaVlVFbXlEWlBRZGxUaGdaQXlfX3l6SEwwWENzdzk4M1VZR1ZfQWp2Q3RvTi1KN3BzOWpCVmRCVVI0djgtYkR5aFZYZlphTThseWtsSHNySXh6RDF1M2xMY0p6SVpPSHF4bGNxWFYyTGJROG9MM09tRzNkS1I1TkRsSzRvVk1vdll0dkNEZnozV1ZjZ2NnV3RiYl9RbUJxTDBRRV9CVkpUZUxmd29leE1TNk9VRDFZcENCOFpiR3hnMEhMQkVpSThSN3hORVdWZ1A4M2tyeGJWMzFpd195RjUtSWpGRVhpREl6WNIB_gFBVV95cUxPZkVoU1p3Q0dtY3pBNC1PZjBrUWJFMnhob19DTG1XXy1Od0dsZXlwbTRIZHBra29uN1FOMUp5OUI4anNTSnB3bDF5akNISGRoZHhoR25ydk1iaHZyZG9zR0tMZTR1SGRyY2dCN015Sl9vbGlLZW1veWJySkRXZHV6M3k0eExvYV9kbTR0aGdPeHVEa1dKMDBIcllEc3JrU2pyX1YzeHl1aDJ2bmw2WXRObDVORWtKNzNvd1Q0NVVTMEdmT0J5VXRVWGlfTDk1UFJobXdrS2xYb0hMenM1UTNDdVNjcmhkVlAtWFN4MVRxMlgzaVBnWnlmaGx4OFR2QQ?oc=5,2026-09-22T12:31:53+00:00,english,group_0146
1be03ab4784d9437b4a76490440a633d,Google News - Govt Scheme (English),bauma CONEXPO INDIA 2026 opens in Greater Noida with government and global industry leaders - India CSR,bauma CONEXPO INDIA 2026 opens in Greater Noida with government and global industry leaders India CSR,https://news.google.com/rss/articles/CBMia0FVX3lxTE05bXNvZU5xYVd1ZU1kMWRUN0paN2U1ZFgybk5FdFNlQkdvTmFTT2JrTWlxRU5GSG1FMm0tUG1TbDJ3OFdyNFFuVUhpZEdFaGRnWWxXT2JoRS1SOVhoTzdhS3RtZnNvQjFBT05Z?oc=5,2026-09-23T09:48:10+00:00,english,group_0147
6106ca0d4f0e426ef54a9b9dd8edea8d,Google News - Govt Scheme (English),Government launches indigenous Cell Broadcast System for instant disaster alerts - News On AIR,Government launches indigenous Cell Broadcast System for instant disaster alerts News On AIR,https://news.google.com/rss/articles/CBMitgFBVV95cUxPZ0pEdGhJUXVBcEcwMHJ4TWdPUFdyU0F2X3lZeUxkWkE3elQ0aDZJZzNjZkxZYTZoRndIYzJUeUYyQ0YxNnpTS3oxZk11RlVwMVQzMlRvSnpBZXpJdG81Nl94OTV6MHhVR2ZMWUdQd2VjM2NocWFhZ1B0bkVxcDhLMnRkYTdoZ2FrbHVUMEZCXzl0S0Q0TUh2UXNwWm4yNjdzU2VJT2daRWlKMk9mME1TSFF4RjFFQQ?oc=5,2026-09-23T10:59:10+00:00,english,group_0148
c52b08b382cf99e71966546d05240187,Google News - Govt Scheme (English),Cabinet approves revamped Khelo India Scheme and enhanced Assistance to National Sports Federations (ANSFs) - PM India,Cabinet approves revamped Khelo India Scheme and enhanced Assistance to National Sports Federations (ANSFs) PM India,https://news.google.com/rss/articles/CBMi4wFBVV95cUxNbnNKX09RejRBR1BwUkRpTEtyYzRWbEk3b1lNOHRPX2tYSU1kWTZ0dVhCOGhXdURXTHpHSTNkT1V6N1pvY1l5b1V2OU04bkNZcjA1TGRIcERZN2VyQW9seW9YYUhuRFMzd3VwSTl5SUpibnFGbkxkNlE3NldwWjJwUFp4V3FlRDR4VkwzZHQ1NFM4SWw4TEdiNkd5R2NvNTkxaVNzQUtjN2E2MXNfRmE0bVN1SDQ0T2VxaXhJRG5kN01qbURIV0lzZS14S0RySThKUlZhSFE5d1B2WDM2Q3pUb3Buaw?oc=5,2026-07-31T07:00:00+00:00,english,group_0149
27c5b002390c93def64d213e6cda72c6,Google News - Govt Scheme (English),Govt staff outside CGHS areas can now opt for scheme - The Times of India,Govt staff outside CGHS areas can now opt for scheme The Times of India,https://news.google.com/rss/articles/CBMivAFBVV95cUxPaFF6al9xOTRTZjY1MFhUZHctSHhnOTdPcFMzcmJlQVl6Z2x2SjM1TG5RcnlPa0FjeUgxV3lKNFl2N2huMEpCXzhiQ25mNy1CTVlEUjFvNG8xdDdZZlpSOHo5M3NvYjNIM0dXVVZsQWNjMXpQeW43ZkNaNUpPX20wbUFxbFhrUWJ6LVhWNTltM1hudW45VUxwNGRoOEdhTXdfdF9VQlFFamlmZVpic1g0Q2lhclQyRDV0VUNXSdIBwgFBVV95cUxOV3VPYnlfOFhvamcxczdZa1JrTTl6Y0t1NGtYVDJteFN6NGFkcTlpbExkUk9KSEp3Si15TERCSzI1ekFNWk4yYTR3ZnNPX2FtNHItUVNSMWcyemE4OEZXRW1TbVlrQ2lacFMtX1JHQmgwbWtvcmZQWGZRUVEyRTVVc2RvZEg2WG1nNlVMU0tMcVdKcS14SUNSNHR1Z0JHZmZ2bWpCbzFkR3Y0NnRPeldpOE9QQmwwQTZYbVVnbElJUXk5UQ?oc=5,2026-09-22T02:57:00+00:00,english,group_0150
d9dfc04a64c2155e85942bc3e624a08a,Google News - Govt Scheme (English),"Govt to launch scheme to boost lithium, nickel processing: Mines Secretary Keshav Chandra - Moneycontrol.com","Govt to launch scheme to boost lithium, nickel processing: Mines Secretary Keshav Chandra Moneycontrol.com",https://news.google.com/rss/articles/CBMi3AFBVV95cUxNdEpmN0JFVmNOajNvWU14MVQ5RHZGOTQ1Tk1fSXZHMkNjVFVHOC1fSUpFdFI0WnViU25FNWozU1dDY2I1bl8yTzFVX1lIaUFCUFEyQ2JpU1FsT1VvSk94OXhHM0k2SHUxdjRjYnQ0bTZzcDZVUWxlS2J1eXZGaWRWVWVZWVA3d2FJOUNDY0xvZTNTa3BDdXZjb1BVWlA4ZzB5emJhZkNKS0g5ZWhvVVNicUQyLW9pVlR0ZkVxRmM5RTBRQ21OTzVtTFB0WHVxcXpma3RmSmpPUmJnSjZo0gHiAUFVX3lxTE1RQWtlVGdWZ0JvMWtEZXNzSy1NcVJHOGgyTFhDNHVNcTZXTW1KVHpzT2RjQWc2bHczS0Z1dzAtRXYyeWEtazF6SlE1SGdtZG1OaWtOZm5UNzFrd2hCbXpyMUJORUU0YjN6SHNUb1JWRk1rNWhKWExvTUR3WHhmMTZzNlUtWFcxNmxiVXNmM3hDZ3N4am1QZG0xOGxXWWJlU0t1UXVueWEyeGtNV0VWcERoT2Yxb3IxeWJzUG8zWWxlbmxJeGQ3S2lnT20yaHFhcGZkZFJTVzBocjcwUXkzVTFkZHc?oc=5,2026-09-22T12:55:36+00:00,english,group_0151
2333e725091ccd6fc09a27b9f13e9bc0,Google News - Govt Scheme (English),Govt to examine Adani airline plan cautiously over airport-airline conflict: Report - India Today,Govt to examine Adani airline plan cautiously over airport-airline conflict: Report India Today,https://news.google.com/rss/articles/CBMi2gFBVV95cUxONGRoVWVPRzc1aHJpRk1TVW5fUE94M3l4cGJMNkZ4bjZCWnFTQ2VDSWNKN09PMFpMRWZwUXY4SnJSeEljOHdyMnlMb2lpX0JMRnR2M0kxb3JGRzZVZjhaRzdzVjJIMjJNemVsRHBIXzVMTlFKQUNXbFV1ZzVEZ0xMTmk3Znc0Y0w3VlpKQ0NrNXJhVEd5SmtGTUZYcVY1ek5GR2h2M0s4WXU1ZTNLY0FJN0tXc0thNVE0R3N1REVrOUVGMFRCUWpJcmxra3huUnBIMUZZcEFuUHpjQdIB3wFBVV95cUxNdnZwZzZtZkd4aDA5UTM1akk0RHlUYnNJRkFtYzRYSDQzUEp2cE9jdDhpMTRwSVEwWW9RdTc3bFU2YThvLWxSTFA5eUwyd29KTWlvWDd3RkhNVm9tQ2s3TXBnS2syZ1llLVpIXzREbUR1Y19qaFpkaEtDVERUWnMxOHBZOTN0UXY3SjNUbF9xQS1aTTRjU1VoUHZFYnE1VkVxQm9XbXRWVEF0cTBkN3Q1ODVMSm85NGpVMjFyR2U2UWZZZU91UmJyZ3VUX1diTE1WRTJNQ3h2anNsanJEbUZB?oc=5,2026-09-23T07:59:27+00:00,english,group_0152
22d2cf7e70d61e9e7faaec4de78e032d,Google News - Govt Scheme (English),"Cabinet approves GOBARdhan, India’s National Unified Scheme for Compressed Biogas, with an outlay of Rs.23,731 crore - PM India","Cabinet approves GOBARdhan, India’s National Unified Scheme for Compressed Biogas, with an outlay of Rs.23,731 crore PM India",https://news.google.com/rss/articles/CBMi7AFBVV95cUxQa1pkdnFTc3RTVkZ3bGdFTTRLMkpnZXgxRC1FR3NwN19EdmNFSkxSTW9lU2Z0TkFmcko5MHRwNnZ1S0MzWGpCWlhUNkFJSkkxdWNfU2hIYVhFcGJQcHZEVk9mWnRMLVNZei0zYm9NZF9DWTgwRzZxb3Z3RTBuZVNFUUItV215MXFZVDkyMGNXZkpCU25xSldMUUZ0R3BlZ1RPR0g1RlRXVVJOMjlQdWVHeTI0QW9Wdnp1U0xLakR3ZE5CR1dTdmUzYmc4ZWlGWEpxQUw0a0NtUmFqSGJUNXA3Rl9PMVZ2X25nbXRZTA?oc=5,2026-08-06T07:00:00+00:00,english,group_0153
0928eaaeab63e4936e735609d7b6b737,Google News - Govt Scheme (English),Cabinet approves Mobile Phone Manufacturing Scheme (MPMS) - PM India,Cabinet approves Mobile Phone Manufacturing Scheme (MPMS) PM India,https://news.google.com/rss/articles/CBMioAFBVV95cUxQYzdQdUx3NTVxNUdBcG9jU2pWeGtoTE1iVklncmNiN2ctbVBSR1c5Y05JYUhHSXFIbTBDZ2hEVTY3S0t4el9MU0MzSG1QblJ6ci1KblplNjhacDNCUW5GS055RHFQUjgyX0UtbWJ0RHVYVmtKS005NVluRldiREpJSlA5OU5rcmJRX1ZiYV9sOTgyYVZnYlMwV1NjcjljV3Z1?oc=5,2026-07-15T07:00:00+00:00,english,group_0154
789a630205210bdf66f0b394e321255b,Google News - Govt Scheme (English),Cabinet approves Semicon 2.0 – Government delivers on its commitment for a long-term policy support to Semiconductors in India - PM India,Cabinet approves Semicon 2.0 – Government delivers on its commitment for a long-term policy support to Semiconductors in India PM India,https://news.google.com/rss/articles/CBMi_AFBVV95cUxPWDJVemRVOU1IaUVkMHFyTnZYMWwwWkt0THVNZ01NV015WlZyeXpqbUxFT3Y5YjRVNXB4azh6RFhacHR3anNmSGFSZkhqWXFnYVUzRHV2bVZIemFUQUMyV1pzSDEzVVNRZE1YSFg0T0N5anVOMkQxZEMwaHNUVGd4cHhEVW9QVVp6VWZ6dXpFQ3RlT2wxempYTkdiRlYwUVFnaGY2WnFqdllwVm5rR0ZPVDBDcXZPUUh5SDc1aFBmTDRzYURfRWZzdkdEaVN3YUt2TUZOaUd5N0I2UEtqWDItSjdTRDJKUzRaZG42UEt1UnBZRUw1bHdLb2JKT1o?oc=5,2026-07-15T07:00:00+00:00,english,group_0155
d4be773373cdcccedf76d03d7e6bdb1a,Google News - Govt Scheme (English),Maharashtra's Ladki Bahin: Why India's largest cash-transfer scheme for women is under scrutiny - BBC,Maharashtra's Ladki Bahin: Why India's largest cash-transfer scheme for women is under scrutiny BBC,https://news.google.com/rss/articles/CBMiWkFVX3lxTE5GSUVhX1dfX2xzQW9LcDV5eGZkbGM3djd5MmYzNzBxQzhJNzBlbDY5dzIxYmFjcnZONjZFaF9Kb2p5QjJrS2dENWY2V0F3SGR2UEl1NEdIZGQ0UQ?oc=5,2026-08-10T07:00:00+00:00,english,group_0156
3b3a289540f2d3ec28b00904c9897f73,Google News - Govt Scheme (English),"Industrial Policy in India, Evolution, Reforms and Impact - vajiramandravi.com","Industrial Policy in India, Evolution, Reforms and Impact vajiramandravi.com",https://news.google.com/rss/articles/CBMiekFVX3lxTE5OekNmUTVTbV9VNExJd0t5NlEtRXZhN3lSYVFSQ3AxZUJ3TmtfejhsNnFiR0tiS1dON3RFUThGTEpkSXNBbjhoUm1iSEY4RzE4U0w4b3BDQjNLbVR5elhnN0l0U0tqbXN4NTR2RUh3ZnBZY1I0Z3gwbk1n?oc=5,2026-09-02T07:00:00+00:00,english,group_0157
8777d7989bcf6879c24611e2b876c800,Google News - Govt Scheme (English),"Cabinet approves ‘Samudra Manthan’ (National Offshore Exploration Scheme) with an outlay of Rs.84,084 crore - PM India","Cabinet approves ‘Samudra Manthan’ (National Offshore Exploration Scheme) with an outlay of Rs.84,084 crore PM India",https://news.google.com/rss/articles/CBMi3wFBVV95cUxPV194X2hVYk5RSW9ybk1pWi1vRnZiTlB2cVdPbmJoQ2lvMDJEeTlPRGdEUDVFWkZhOXpNWThSaWdEV2xZNDNxYkJmLUVjUm1HRFU5bS1pREFGUjBfUlFiWUZYQ21KTk9PWjROQTNNRGpabWdZLXUwVzByVWYybjNHZ1pkeHYzREd5UXdhYkgxZDBRR29DZktDZEM3UUdRQnNKLTh0dXlzV0x1Y0xrdXdrVE9qZXhPZnhleExhOWhyM1FidG0zRW5JUTVUVHE2Z2xOczh1MDgtNlF1T1Z0Y1ZB?oc=5,2026-07-31T07:00:00+00:00,english,group_0158
173ebdb653f90757a7118bf32840e2ce,Google News - Govt Scheme (English),Cabinet approves scheme of Chemical Parks “Bharat Audyogik Vikas Yojana Rasayan (BHAVYA Rasayan) - PM India,Cabinet approves scheme of Chemical Parks “Bharat Audyogik Vikas Yojana Rasayan (BHAVYA Rasayan) PM India,https://news.google.com/rss/articles/CBMi0wFBVV95cUxQVUt6ZmdMQXhpeVJmVzJTYTFBQUF0bHJ5WVZzNzRFQVRFQXpiQUxpWUQwTTk2aTFWc05WT0JhQmxra1RYZ3VDaTJ2ZjJFM0lVMUlfRDRULURONnVGbFJucGJtOE55U3U2MklyQUNqV3N4N0FxSlBSZUg0Q21iNjdVN0xaUnh4S2p2T1R1eU5ISjVmbkdQb1hiU2FaNEFocG5paDdaSFFBZEFyQ1F0dWFlYVNydFpLa2lZeDRxUkVOSmpsMFQ4dWd2RHhObzV6MTZmTFZN?oc=5,2026-07-24T07:00:00+00:00,hinglish,group_0159
3f6985db89e87e7c14840dcedc145f65,Google News - Govt Scheme (English),"To unlock idle gold, government may ask jewellers to take deposits in proposed scheme - The Indian Express","To unlock idle gold, government may ask jewellers to take deposits in proposed scheme The Indian Express",https://news.google.com/rss/articles/CBMipAFBVV95cUxQSW1OcmhHR29rMVFjd01pbE01U0xIcnhJOUZGU09TRHFuMjVJZXM1dXZVa1FzN0RnYlp5OHZrTGxPdkIyUHR0UkhNRmVSSEFvSUhKZzc5MWFIX29kc2pQamdsQXY5cEgzaWlEbTlyalZVZWx5R0JIdUFNM1hMbzBWSzdma0Y5YzByWkFSUFB6Z2d6UDgzQTNRMlE5RklUX0dBUTBIOdIBqwFBVV95cUxQdjdZS2dMTDJweTlsNnpXNzYzVnhKTWotSUwxWFRXR2pwWkFuVm9USGRUS3VzX3hPcWJxMnpJYlRfUnJEOGFFOU1OLTJnZUFrOGF1VE9LNGwyMlFCOE5fVlk5WWs1RlBEWm1QZDlpTmkzamV3N0ozbDFVcEs1VVBpYnNFdkJ6ekVJeDhFbE9Ral8tbGtQNEc4SldwanNoa0VVaU1MRmlxN1kyM1E?oc=5,2026-08-19T07:00:00+00:00,english,group_0160
ea35eb1713b6d21fd7d05007afde0e39,Google News - Govt Scheme (English),12 Years of Modi Government: India’s cultural journey flourished with many flagship initiatives - News On AIR,12 Years of Modi Government: India’s cultural journey flourished with many flagship initiatives News On AIR,https://news.google.com/rss/articles/CBMiuwFBVV95cUxPQndnNGwyekZteVRCYkZBN2xFS0dBZW1xUDNLMVNyNExqWnp3MVNjUzVnMHlEUjc4bWNNZlI2WDlhazJhV25WOHppRGt1SkxlUGliTW9MOVFBTkMzMExtbnl6Y0NONmhERWt2SEtXVlExSjBYWDNEWXlqNUhVREJwb0VHY1UwVV8xeXhMT3lRVU5pZ2xDYlgzNkxjdTBRQk9MN0gtaC05d1drc0hfRHQ0OHVNM1hoR2dMR3ZB?oc=5,2026-06-13T07:00:00+00:00,english,group_0161
c462cb7331fd117a5f47f35f4a10ada7,Google News - Govt Scheme (English),"PM to disburse incentives worth around ₹2,400 crore under the Pradhan Mantri Viksit Bharat Rozgar Yojana on 19 June - PM India","PM to disburse incentives worth around ₹2,400 crore under the Pradhan Mantri Viksit Bharat Rozgar Yojana on 19 June PM India",https://news.google.com/rss/articles/CBMi-gFBVV95cUxPWlViRTNNbE1rWFJKNzBhekZjbHlyNm9sc2hmQmlXVC1NZEtZRWtFc0lVLVgxMlFKWGhHal9Rci1vWHJoR1FLVmdPaHhoTXNPOFhmN0RReS12OFAwVzZPYkw4eEtfR0lfMTdFenBnYVN4c05lZHY2aU1KazM5d0lKUUxVb1V6eW5HMERXYlRHWENIUzJPTDh4TEpNeGJlVGVhZDduWU85QXBEOEtIQUNleGZaN1lFa3JGSDFJeFF6SGRyVTNQYWRsc2xnWi12RjRxOHdQUFhLNkhxeVhJY2FpSDEyM2pNelFUMGI2MWJVbXlYNmRHc01VSVhn?oc=5,2026-06-17T07:00:00+00:00,hinglish,group_0162
d0fdbd9f45b493d103bb26dd78603e10,Google News - Govt Scheme (English),Govt notifies mobile phone manufacturing scheme; extra incentives for Indian brands - The Hindu,Govt notifies mobile phone manufacturing scheme; extra incentives for Indian brands The Hindu,https://news.google.com/rss/articles/CBMi0gFBVV95cUxOQ0dtVjV2dXpxTkRmSFMxc3JGckRzMGVpQWhScWREdHJSYmpaLVM0Ri05Y0NDLUFjY2tCRTQ2WlNfRFI2UWNaeVVUNWEyU05yQ1JWTmN1TmxyR2c2WmRjWGtQVHlJMjRpdm51QVljTVlOVTE2UEtsUzFVRU5YbGw5NDJPWEhWblBHNjNNeEFmNWMxd2hmNVV1bDlWRDNiQmFBYW50ZXhlTWltakhHQVZ4cjYxbTZVYmN2ek5FUTFFalZMODd6UHhja2MwbmlLOXdoTkHSAdgBQVVfeXFMT05SR0ZnTXhkMjdyV0lBOEJuakotNUNjUVZHUlBiTXY4TXdURU9obEF1T2tkb3hWYUR5WDZpSmxOUFpiYnd6WFkwZDAwSlYzN2l4ZVMteWQ0N21SOGdDZzZqMW9zLXJhQWpDMklDQWJMU1BxMlVLV2NHZVJxcW4wdTEzQkRUbmNkblI5WVo2bl8ydmh4eU90dldodjFNM1BZdHg5RzNlSTF3ZjdYZGJZMUlzeFZscGM2SHR4Wkc3ZXdSYWJxU0VhZW96cWJ3Z0VKRXRZRFU1MjYy?oc=5,2026-08-21T07:00:00+00:00,english,group_0163
86fd0a7f00a08b23ee599214880716a2,Google News - Govt Scheme (English),"Food Processing Industry in India, Scope, Significance, Challenges - vajiramandravi.com","Food Processing Industry in India, Scope, Significance, Challenges vajiramandravi.com",https://news.google.com/rss/articles/CBMigwFBVV95cUxPY1pEcmgwNmNUbEg1dkNPaXpnMURBVDdvQ3pMaE1WU1pPNDA2bjZrUk9qaDFoMTM2cC14VW83N1FOLW1Qc1NCUnFtMTFoOFpwVjRxaVdLbHdsMXptUm5CVlA0X0FkSnhCeDJDTUpQVnVXYVFxc1V5Q2RWY1pNOWQ3RVBhNA?oc=5,2026-09-02T07:00:00+00:00,english,group_0164
4f392cff2a3e02dee581c15dd91b88fb,Google News - Govt Scheme (English),Cabinet approves Scheme for support to NCRPB for replacement of old trucks and buses in Delhi-NCR area - PM India,Cabinet approves Scheme for support to NCRPB for replacement of old trucks and buses in Delhi-NCR area PM India,https://news.google.com/rss/articles/CBMi3wFBVV95cUxQT0hTMnM0MFVXb2stN0w0OU9XaXpWYkE3dTJkLTJzV2NOeC0wVUx3X3NqWTNWTFFwREpySVNVSDdGUndmNm1ub2poaUxPSzBRSkVsN2pSMDlLeXFVbTZ6eHJrdDVkUmpPMkZXQUpodGNER2gtcERqY0J2UlB3SGhYb3QzWGVfelRaQ2hOYjJtOGdiZnB4TnA5Q3p1Y1Y2QXRSY0doWXh6eVpMU01tbC13UWFLbUVEVHFheUpUdGhrUmJMV0tHUHphVUkxcGprbmFXcUZicTd1LXNHZmUyNFVJ?oc=5,2026-06-03T07:00:00+00:00,english,group_0165
be058255c960e7f1c126d5d17eb97c0b,Google News - Govt Scheme (English),A visionary leap for India's energy future. 🇮🇳 We congratulate and thank the Government of India and the Ministry of Petroleum & Natural Gas on the Union Cabinet's approval of Samudra Manthan — the National Offshore Exploration Scheme. With a landmark - facebook.com,A visionary leap for India's energy future. 🇮🇳 We congratulate and thank the Government of India and the Ministry of Petroleum & Natural Gas on the Union Cabinet's approval of Samudra Manthan — the National Offshore Exploration Scheme. With a landmark facebook.com,https://news.google.com/rss/articles/CBMi7AFBVV95cUxPM0cyOGlmVWIyN1BJNkNuNjhEUnIxRDBBM0xVdFVQd3JOdUE3TlJOc0tVVDJzLVVIbFFHc01RRktGMkxUMWh3emZkRkxuOEpkU1Zua2p3ajhZaDQ3REFmc0NZNXpzRjlWTUdzblFrQ2wxYVZocGVCYUlfN2Y3d1BGN2owNk5JRjVPTFozT3QwdnJQVUtxLUpUMnlTUWtESFdZZnRoRjU1RGhRN2M5TUNMLUJjdG5tSDk2dy1YOXJ3ejZwRnd0ZVdQbUxkVC1FbXZRZV85RnlqZEF4SHJ1aDc5R0Jqd0R5VUVmRURqbA?oc=5,2026-08-03T07:00:00+00:00,english,group_0166
d230b935c3ca39866c31e778704258a0,Google News - Govt Scheme (English),"Make govt scheme videos, earn up to Rs 1 lakh: Bihar's offer to influencers - India Today","Make govt scheme videos, earn up to Rs 1 lakh: Bihar's offer to influencers India Today",https://news.google.com/rss/articles/CBMiygFBVV95cUxOMHVzSTFlN3FMTXRtTDR5V3JWVFE1ZkNDVHVWUjBsLVJFb1NvNVd6TGNWcW5JUUdERVotVUNSYU5kNko3VV9oZk40Z3d6RjZjOXJYT3JBdnA3TmpFdnJ0Q2lTa3NmbEllNjIydE1GbzQzZWxQUllTclpod1E4YTFIZUNpSU4taUh2TFVKYjgxakhMcEpKYlhfUE5RdVo2RVZvX3k3bzVQeUtJdU9Eajh4SlVHZGhSYkhOZkhXSFVpV3BCZTIxNmhkRExR0gHPAUFVX3lxTE1xSWNhdWwyZGtQemU4MDlVMEgwMmZXLW10UFVfcU5nYmpESlB1T1pGMm5XQzIxVlB5OWNLUWFWWVowV1VPTXRJcVBuaS1mc2tSSmpQTzBzdHFueW1SMU1tSGFPNk90Vmxic01wUXlnRmhMTk9XNV9ZSEJnRXljVVVibjBJRjZOWmIwN0tKTkV4c0JkejRaXzhNLTRRYkRfQWNDUzNnOHFMZ05mVldBbG9JcnlhSnhWWV9jYWxheUYtNmtIRG90cWV0WUlJa2p4WQ?oc=5,2026-08-20T07:00:00+00:00,english,group_0167
7e0e0845214c07da035ec646220a85c9,Google News - Govt Scheme (English),"Financial Inclusion in India: Banking Every Citizen, Empowering Every Household - PIB","Financial Inclusion in India: Banking Every Citizen, Empowering Every Household PIB",https://news.google.com/rss/articles/CBMiaEFVX3lxTE9ndWt5ZFZDdmRSMVBOd0ZZcjlwTmhKVEd6N1UwWDFUUjBHLXNsY20waEJqT29pS1ZDYjF0NWFkRzJHSE1IZ1BGbTVEQldOZUtIcmhNcHR4Wmp2ajg5VGh1WG44XzhrQzBu?oc=5,2026-08-12T07:00:00+00:00,english,group_0168
2a27a52638687a18400cb1318bb88e5c,Google News - Govt Scheme (English),"Govt’s BHAVYA Scheme to Create New Generation of Industrial Infrastructure, Boost Manufacturing and Jobs - Sarkaritel.com","Govt’s BHAVYA Scheme to Create New Generation of Industrial Infrastructure, Boost Manufacturing and Jobs Sarkaritel.com",https://news.google.com/rss/articles/CBMickFVX3lxTFBldXZiYURNT1ZXbjJLcTUzNnBSUXBvejUtcUJBQUJNZTRtVVJxOWQ1WDA3RFVPS0wyMGc1WkU3anpGSnNIaDRLQ19hLU55WlNFUHRNYTdoUXVoNjdJelZiTHg4SUYzblBNbWdlZENBVjQ2dw?oc=5,2026-06-13T07:00:00+00:00,english,group_0169
3dc0b167533376347b621017f7b6679f,Google News - Govt Scheme (English),"Make in India, Objectives, Features, Government Initiatives - vajiramandravi.com","Make in India, Objectives, Features, Government Initiatives vajiramandravi.com",https://news.google.com/rss/articles/CBMiaEFVX3lxTFAzNlpkU3BTcHNQcVNQdzFkd2hOQnB2aHBMZ2tISWdUNk1FQk00RUxHdUpJS2lGcFJVc3lKemZ4TVNGV1dxbXQ1RDJ4VkpkWk83X3l1Y19HUzQ1NUhVS0E3cUE5OWN0LTlP?oc=5,2026-08-15T07:00:00+00:00,english,group_0170
452588bde06c881bbd09c9ec18e1be80,Google News - Govt Scheme (English),The Modi Government Wants To Reverse India's Brain Drain - NDTV,The Modi Government Wants To Reverse India's Brain Drain NDTV,https://news.google.com/rss/articles/CBMiyAFBVV95cUxPeTBWclhybkgwd1ZEZ2pLdlNZM1V3S21rUTRXMnpzQ0xkYUdvMlMtd0Z4WU02Tjl5ZS1aUXpNTnNGcDBWdnBMeDJqaGpxTzhnY2FfWDV1cWJyVmxUQVBaa3U0eXBabEJIU3RjRGZNVkdfcU1LMm5md1R2ZXh1dVZnYm1JZm1EN3VjS05yM3YtZmVmOG83a3pNdnNIaUMtSHR1cnpiT0luSHNYUGxBUXBpd3lZZGVIWkZaZkNleVd2ai1VRUxWdS02eg?oc=5,2026-06-20T04:08:43+00:00,english,group_0171
79013dfab81749eb081697f419226955,Google News - Govt Scheme (English),Government Launches Incentive Scheme for Medical Device Manufacturers - The Indian Practitioner,Government Launches Incentive Scheme for Medical Device Manufacturers The Indian Practitioner,https://news.google.com/rss/articles/CBMipwFBVV95cUxNeXN3YVNhYVZPdHVWZlAxSFRBWGRDNHd0bHFsZUluc0tEcGR5UmlhczJoVWdaQm9TYmQxQ3VJT2V4M09WNnJ0Z1N4QVBVbFZoRk5QYUxFZGpVOUU3ZWx0b3V6QnZzMWhvVkhFUDJqaWhtcThYQ2U4MEVKam55Tk5XdzBQNjNONUI2Z3gyakw3LTR0T1l2SHRxN3RZampmbFVIU2RsSWk4RQ?oc=5,2026-07-01T07:00:00+00:00,english,group_0172
f34e7c329fbdf09861ac5f9ed57ce429,Google News - Govt Scheme (English),"PLI Schemes Attract Rs 2.4 Lakh Crore Investment, Create 14.15 Lakh Jobs: Govt - Sarkaritel.com","PLI Schemes Attract Rs 2.4 Lakh Crore Investment, Create 14.15 Lakh Jobs: Govt Sarkaritel.com",https://news.google.com/rss/articles/CBMibEFVX3lxTE45Tzh2dnE2WkJQRWJsVWtwYjlmbmVwVmJZVkxMLTVzMnU0X3hfaUJQMDQzRUU3WjJ2b1AzZWdZNDBiM3luakxmZW5oWVFuWDZ2bFdTUEp2MWNOSVVwLTgzTEJaSnFReXEtNmVELQ?oc=5,2026-07-22T07:00:00+00:00,english,group_0173
510e4f3aed26590cac83a7a30248b62d,Google News - Govt Scheme (English),Modi govt spent Rs 910 crore on print ads in 5 years; Times of India biggest beneficiary - Newslaundry,Modi govt spent Rs 910 crore on print ads in 5 years; Times of India biggest beneficiary Newslaundry,https://news.google.com/rss/articles/CBMixAFBVV95cUxQSVFSYnhlcUw4YnB0eDlXQmdYb1Zqc1Q3X0ExeU5fdnJVU05OTHdYUExQSXFxWTN4TkVVWGNZRkJoVEl1T2xUZFVKNnRYTEVVU1hMaGdvV1VIQmFrYVhpQ3llLVdGd3AwZS0zZVhPVzkzX3ExalpORGFTTTRoMEZHZW51M1ZuNUdZbGxES1NWRWVTd2Y2dE15dzQ3OGpzM09GR2Q1MkpBRDdUWi1TdTh6TjA4U1Rrc2xfV2V2TVVBanBOdWFU0gHaAUFVX3lxTE5nTTc0QWVfaGZqRGFPellBT1lJckxhRWdZVXFLSXp4ZFBKRzlzelpFZEVEYnZmbnZUbUhBVC1jaVRKNFVqQ2lDeTFMOGVGX3VfbldmdFN2X2NJcFBrU1prajVIQzhndDBhdHR3T3Izemp6bE5PZjlHRDhsUXM3czU3V0sxY3ZQWnRKbld3OHRVcThxZ0lyeUFaMHRkNlBpUDBTS0doZFpwNnF3aXQzSzlXY2tCM2cwTG5leEtjbmJWb1B2Sk5qdUtNSUQ3Y1h2djlTa21mNHAyUGJB?oc=5,2026-08-04T07:00:00+00:00,english,group_0174
9b757d945d4a0d4f196f9bebb75afe44,Google News - Govt Scheme (English),Millions in India’s Bengal risk losing welfare benefits over voter deletion - aljazeera.com,Millions in India’s Bengal risk losing welfare benefits over voter deletion aljazeera.com,https://news.google.com/rss/articles/CBMitAFBVV95cUxQOTFmMTMyQWpaV3ozZE9ieVBDdG5kS0V0N1BNcTJSWmJMekVVWXNlUXNKSVFPY0dCc2xoX0pEVGYwcVNZQllEdmk5amNIZHc3eG1Ib2M3UVNwVlhGOExIYTJvRW9SU1hXRFlTYzBUNUpiNk9ybFYzRk1mWENhTE5DV0lodWN4ODB6NXdpdG10VGJEUF8wMTZweGNXall3M2x6QlZwdl8wcHp4RERtTndxbDRfVHHSAboBQVVfeXFMUEctbGNMUHRSdFgwcjRERkY0M24tXzJJbXNBcGNVZ3R6cVFUNUF0RXpNUVJteXB1ZWE0dm5OQnVXSTNPSmZmeERMREV0dGN3bnpXYTZrdk9IUlR1WExCdm9SajQtWUFlN0dYd0pRS2FzaldacHU1Vk8zdVRua2RBVXVxVFVpSGplRVRJY1dvYkU1ems0U2MwaHlHZkZSNFBCZGo4eldYd0ZWQVFmSi1KNUEtZEV5ejBZUndR?oc=5,2026-06-30T07:00:00+00:00,english,group_0175
a36e92a66009e5f12cc98f3be81411f7,Google News - Govt Scheme (English),India’s cash transfer boom gives relief to the poor but strains budgets - BBC,India’s cash transfer boom gives relief to the poor but strains budgets BBC,https://news.google.com/rss/articles/CBMiWkFVX3lxTE5jeENaWG0xdUhld2tSY0dSSDdMNWZmbVFxZERJSlgzcFo5YTZyX2cxV1hvN0NOZGhXWlpQcDFja1JiaTVQc0x0TVhoRkR3X3FFT1JEWnMyUmhNdw?oc=5,2026-06-19T07:00:00+00:00,english,group_0176
da029e98322e3d786f57ed3b05516d77,Google News - Govt Scheme (English),"Finance Minister Not Promoting Investment Platform, Says Govt in Misinformation Alert | Akashvani News - News On AIR","Finance Minister Not Promoting Investment Platform, Says Govt in Misinformation Alert | Akashvani News News On AIR",https://news.google.com/rss/articles/CBMirwFBVV95cUxNSzVCZWJ4bXgtaVhkRVJReWJrRFdpWjIyVmhVUF94V05rZDdGX2RYYzlyMllVOHozemlxamdOOWp3NkRLaGVUTEoxenZJTHlWRDZqOFJzdzZoTkRHNWE5Ukx1TzlzNzdoTVE0aWVvcXYwOGVZWS12T3Y0MHJkeDFoNFRzalpTNktydS03WTFHZjlVTkFXVmE0NHpBTE5BTVIzNzQ2MWRfYUNHQlljVllR?oc=5,2026-05-23T14:14:38+00:00,english,group_0177
cdec7aae212edb7f622655dcbd7252c1,Google News - Govt Scheme (English),Government announces launch of PM RAHAT Scheme for cashless treatment of up to Rs 1 Lakh 50 thousand for road accident victims | Akashvani News - News On AIR,Government announces launch of PM RAHAT Scheme for cashless treatment of up to Rs 1 Lakh 50 thousand for road accident victims | Akashvani News News On AIR,https://news.google.com/rss/articles/CBMi5wFBVV95cUxORTRVc2pfbGMzdjZtRk9QSHN2TW14UU9ZYXVtT01FR3JGTTU5cXVocTNoaUhIZTZ6RTdoclJPbGtacmpqVTJ4YmgyVTQtQ3lkbmIwbk1Gc1dOTktsMlhZS3dVdmlkZ1o5SjV4eV9aVlEtTjZkeEtuX2o3UkN6VVR2MjBmV3pDVUpwTWUtdzJvVXhuRVdKVktHSUZzVm8zdEpJaE9YNXhxTmNiM3ZaMEhLc2VJaFowckZXZDFpT0hLcnNNcmVNVHpFLUQxeXJ1N0E3T1Jkd2pnNGZPd0hkdXQ4TXY1dGJRbkk?oc=5,2026-05-23T18:09:30+00:00,english,group_0178
381431fe9a4f71dd78a01018050d6d90,Google News - Govt Scheme (English),"Skill Development Schemes and Policies, UPSC Notes - vajiramandravi.com","Skill Development Schemes and Policies, UPSC Notes vajiramandravi.com",https://news.google.com/rss/articles/CBMiggFBVV95cUxQV0xfQ1VneFBlV2RHcnBaMW11WWNOTlVuR1VTS3ZJSnJUamxyS1dXRzFJal9TTGpPeldIQVc5cExUbGVfWUNXdjBid0pMbC10eU9keUdDOFUzMVZmTTl6TTFNM2xsMXg4Q2p1Y1JlWnV5WS16b3dOeExUQy1kZ1JrYzhB?oc=5,2026-07-11T07:00:00+00:00,english,group_0179
737beda92a3e7551bb5743f3c34ed370,Google News - Govt Scheme (English),Transforming Sanitation in India - UNICEF,Transforming Sanitation in India UNICEF,https://news.google.com/rss/articles/CBMiakFVX3lxTFBVeG1Mbm1hcGJFRmtQRHptOVNhZENTaXh1d3VyOHRFWkJiLWpCM081eG9lLWhCVmVlX1F3V09pWlEta1NXd0dkYTVKSUhpaWhSWEpMMF9jLXBrV0N4cGJsc3p3VUQ4V213dUE?oc=5,2026-06-22T11:27:58+00:00,english,group_0180
dca45c7298c23a0a5ec65b4dd362d75d,Google News - Govt Scheme (English),"Food Security in India, Needs, Measures to Ensure, Government Initiatives - vajiramandravi.com","Food Security in India, Needs, Measures to Ensure, Government Initiatives vajiramandravi.com",https://news.google.com/rss/articles/CBMidEFVX3lxTFA1aUJmTzVNT1kyclJYMDRZWS1memU3N2dUVl9RQmI2RF9mSWV6dC1NTHN0bGs2NHB4MUZaVmFPUEZ2bHJTRmhab01IUjk1anhZY3hPUVJNN0hfVlpJOHE3N0ljbXh0Nzh2ZWpNWkFpd25uZEcw?oc=5,2026-08-22T07:00:00+00:00,english,group_0181
956d308fa837fcb50b7f9dae76e45a70,Google News - Govt Scheme (English),India steps up bid to reverse brain drain with global researcher scheme - The PIE News,India steps up bid to reverse brain drain with global researcher scheme The PIE News,https://news.google.com/rss/articles/CBMimwFBVV95cUxNTXpFQWl5RFpfTVVjc3B1QVdiX0NGNWlQb1drXzRObm1icTF2NTlmSnZzMUZ0RmpEdzlSWWNyWWhCSTBsbTloa0tZaEdwa3ZjRk5PX1E1cXlzX1BYcDhjamFWSnVOUTV1Rkt5Q252b0c5SU9CbWFiZ1RyXzVWeE9mdXBXVG9UV0s4Z0J3Ml9hS2s5Tm16amJmYlVzZw?oc=5,2026-06-11T07:00:00+00:00,english,group_0182
65b70fc724528c1aadb9471965f4b05d,Google News - Govt Scheme (English),India’s Steel Sector Advances Towards Self-Reliance - PIB,India’s Steel Sector Advances Towards Self-Reliance PIB,https://news.google.com/rss/articles/CBMiekFVX3lxTE52eVhOYTFFSHdzTzZkajZrS1JTZHZaejI4aHZlZ1FtbFVWZTNnbVpNZDZySXRUUHJDaWk5bHdlYUtXUkRpVE9SR1BZWDFUS0F2SDJNSmoxRnAyWWFrYldjejh1WGZhd3VMOU5sSWo3NkhqR1E1VWVOTmZB?oc=5,2026-05-05T07:00:00+00:00,english,group_0183
8cddfffeb8085062e352b1bca8f2132a,Google News - Govt Scheme (English),Modi’s latest brain regain scheme arrives at an auspicious moment - Times Higher Education,Modi’s latest brain regain scheme arrives at an auspicious moment Times Higher Education,https://news.google.com/rss/articles/CBMipgFBVV95cUxPM3ZPVU51M0x1emNGU2ZCTlJsTVZWQU9Ud2R3aG9mQTZFY1JUa1dZc2NybGFmTkN6eDBYNExuU1BWRlhMT3d0XzZJbE1VVl9jdjJ2cURySUJzWlRrZ3pheVowQm1WYTJjbWNKQ1ZPQ3RKVHNlMVBOQTJXNDdhM0lYOVhzQWhwVnVON0hwdGtnblRIcFhoaFR4NVE3TmxxZE9tcW9IZHJ3?oc=5,2026-06-10T07:00:00+00:00,english,group_0184
1c744fe0b64c591f30ea705797f586a1,Google News - Govt Scheme (English),"Schemes in News for UPSC 2026: Latest Government Schemes, Key Features & Ministry-Wise Notes - PW","Schemes in News for UPSC 2026: Latest Government Schemes, Key Features & Ministry-Wise Notes PW",https://news.google.com/rss/articles/CBMibEFVX3lxTE5TMmNlR3A5Y0x1TWhWR182d1BoTmxacWdITjhlaEZMMHJoMzdULVlrRnBCQzZXVlFhcFNHVUNSb1I1T2xlS2JrUmtPQ2UwYk9COGdWQjBjc056cWZLN0xnb3ZqVTlKZmJBS281TQ?oc=5,2026-05-21T07:00:00+00:00,english,group_0185
71d740865a7b8cd3fdce45d193781f5f,Google News - Govt Scheme (English),From PMAY-U 2.0 to MHADA: 6 government-backed affordable housing schemes helping Indians buy their first - The Times of India,From PMAY-U 2.0 to MHADA: 6 government-backed affordable housing schemes helping Indians buy their first The Times of India,https://news.google.com/rss/articles/CBMilgJBVV95cUxNZWRiWlhyVHpaaVFPN09VS2xKNXBtVXUwd1NvemoyZVdIaW5SUzEybDZ1SDZ5VkFpZWstdFFBX0VGckJtOVFjNVVlbDctMVU5OVBkWHZkTXNlcEwydHZwVXc1OEdZMktlMWF3Ym13R1BQS1g2dEtjWGdFZWlzVHhxLUFtQVhHTFZBUHlVTFZ4Qm1mVzN6Tm9XZVBvdTN3b2JXd0tPaExVQklOQUJaV3Nrd2lOWWZ2NnZEVWhkbnpQNTh3c25UMHFxNFprNmxHLWVWaV9sOTFSV1RUNFhVTDJtLVpMdS1keUFLbndRcUpiV2ZKODhQNW1jcGRtSDBjVlVVSWVVRDBKM2Z1NDhtcXZydEpFNU9BUdIBmwJBVV95cUxQVzJYeGcyM3ViMmxhTHRITmZRRy1EbjFNM3hDUFdXNThRcmpiSndSUVdleVpRYlRncDVjMmxZZGEtRTVnQzZpYTAwemFCSmQtc1VOdUFkamNlRDdNMzNYYUVQcGhTX1BhbDhkRmVFWU9jQTRVeVNvNkpoNGF1bl9VLXlRLXZ1UW0wSm9wUG9kbFlmU2dMQWFWYjlJTGo2S2ZEWV9sQ2F4WGRsMkR1Y3hDRU9Qd2tlYndTcC1BTWlwNTNYQWVRVzJTZjZ0U3FfVHlLTmhlclh4cjdUeUdzYk9lcmZsVF9SYWM2NjVjXzZsenRjOGEyZklJenhmTVVCSWtJNGZVVll5a0JUazkwbjgtUG9ybmZYNmhVb1Fn?oc=5,2026-05-23T07:00:00+00:00,english,group_0186
409a0faf79362e4f272f16e4a6b95ced,Google News - Govt Scheme (English),Reforms to Expand Foreign Participation in G-Secs - PIB,Reforms to Expand Foreign Participation in G-Secs PIB,https://news.google.com/rss/articles/CBMie0FVX3lxTE5meldVQTNYRTVPdXJnYmNYV3RrQW5ZRU43ZlFGMVExb2c1R2xza1pabURJWmtFcUxBR1BZT1RDV2NJbEl1cXV3WTVhcnJ2OVhla0tnMWdubkJUeVBQZEpFekdEb0tsUDE0Y1BYb0RWRXpiNW5MQjFGdUJGUQ?oc=5,2026-06-06T07:00:00+00:00,english,group_0187
940ad8062008b17e34bcf5f0af93d0fe,Google News - Govt Scheme (English),"Municipal bonds in India: A 30 year story, still unfinished - Ideas for India","Municipal bonds in India: A 30 year story, still unfinished Ideas for India",https://news.google.com/rss/articles/CBMipwFBVV95cUxNVE93dkcxYTN4Zm5MaFQ3OE42dFYwdHJ5UDFWVERxdUQ1dTlLNEo3OXNrSnpVVjMtcXQ4VERtX2JHbVI5d1lHZjJ2UFZWSEc1NzJxUDZhcVpwNnE0b3IyN1JPY0RkMURWNjA3N19ubGgwMVY2aEFCSnJKUnNCQzFPTDhKd2FqZ0RwVjhuRm93cjI0M0FJVnR6QWd5a1Y1d0dXLUNuOVJJTQ?oc=5,2026-06-22T06:37:28+00:00,english,group_0188
78a270e43e9e60b533e3d29db1a6daf2,Google News - Govt Scheme (English),"Cabinet approves Scheme for Promotion of Surface Coal/Lignite Gasification Projects with a financial outlay of Rs.37,500 crore - PM India","Cabinet approves Scheme for Promotion of Surface Coal/Lignite Gasification Projects with a financial outlay of Rs.37,500 crore PM India",https://news.google.com/rss/articles/CBMi_gFBVV95cUxNNVpGVGhneTY5Qm1jTkthWm9TcDdVZW1RNTlvdUVhZW5TRnNjSVJmX3pzOVZJc3ZVYkRwYVhteXdmUGZQSDh3Z2dsbHI5Wlk2WHZrbUdRSFAtQjRrOTd3ODVSaEsxYTdQcDRNNmJmX2k0dHdIdFJBd2VoajVyOUlTdlZlZnBUdjV0Y3N5VjVtT0ZQZWJfeWIyM181WXZBcE9jSTRwblZmOUdRWG9OMTF4UlZ5RHhYRWZ2dnNOTndoZWJRTXh1UHIzR0l5b0w0U3E4TEhaeExSRDBDVEZvTVNoSndoMi1GWjJGcFltVXlpbHl3dE83QnF0QW1QanhyZw?oc=5,2026-05-13T07:00:00+00:00,english,group_0189
79688ec438c48d6caaba892b3caa6261,Google News - Govt Scheme (English),Govt launches Resilience and Logistic Intervention for Export Promotion scheme to assist Indian exporters affected by West Asia conflict | Akashvani News - News On AIR,Govt launches Resilience and Logistic Intervention for Export Promotion scheme to assist Indian exporters affected by West Asia conflict | Akashvani News News On AIR,https://news.google.com/rss/articles/CBMi2wFBVV95cUxQYzZOWU9YRzl0Znp1cGZVRDZ6VDN3eXhqUTN1Tk94LVZQWHh2WUFEbllHcHpudkpCbTdDR2xPTUVzTnY4c0ZUWmtCUmg5NDd4UXJHOWlCb2t1NlVvdVI2NEdhWTg3QVV1RlVTWHRSNGkwZTB6RUVvcUdrc2Y3STdNTl96elA0dUhKaU82eEl5V0JZb0c5dlhKc2VIVENlSWdWR2FkNURyNlRuYXRlakFDQWR1STk4QTJqSVNDblFCSk9LTndpUkN2THVETWhpcjJRS3cxRTJEeHRjcUE?oc=5,2026-05-24T21:11:23+00:00,english,group_0190
8db642bc8b83a8d5cd798f9565010596,Google News - Govt Scheme (English),Modi’s Austerity Push and India’s Economic Crisis - Frontline Magazine,Modi’s Austerity Push and India’s Economic Crisis Frontline Magazine,https://news.google.com/rss/articles/CBMikgFBVV95cUxPdTlMWUhxM3c5UXNHaU9Vb0xBcE1TVlczV1J4dElVZVpENmM0c0RRcnIxdUkxX2JDX0RiWnBSQ3lmRldIVWpjLTMwX04yUGNPMHRXQ3RubDNYdjVueGtGaEFPQXNDNUVYYlJDUEJwNVMtaEVRUzBJLWItRXNTMVpoWTl6UUJRcFhka2ViUGc0SEpuZ9IBmAFBVV95cUxQRXlFcFQwbzdxNDFZd1V4TExzaFNiaWVxU1lxRXdoWFo5NjNEMXU1a2JWR3dxNzVrZjZHdXk1N1hvNVRnbWNfUUFDMVdXQi04WmNiVEZtNVRIb2VVc2hxYTFOU3l6akEtbVdaZm1ndmhqT0pzd0xzYTlHMVBGbHhzbXl6SDhUenFvQmxfT2tKSFV3b1VxNkxQTA?oc=5,2026-05-28T07:00:00+00:00,english,group_0191
06205bb69f8a5d6753909a89853ca0e7,Google News - Govt Scheme (English),New Gold Monetisation Scheme in the works: How government aims to reduce dependence on imported gold - The Times of India,New Gold Monetisation Scheme in the works: How government aims to reduce dependence on imported gold The Times of India,https://news.google.com/rss/articles/CBMikwJBVV95cUxNVVVKaUxIN0VsT3JXX3F1NW5HVkJ4RmxkV01MYVZDY185bS1qV1lBSXBZRWV2anNqSVZrUTdocFN1TS1KRFp2bEU4SDBVbmdScnJpc29HT3VCSHh1cWUyeXU0VGxmMnRuRzNXcXRua184QzRjQ0Nxak11LVFMMTN4eVpqQnh1WE16ZjBmUXJKU1ZJSDYtaFJGWHBUbjZXcXN4NkFNSVVZdWV0RkdxRERkaC0tNkJqNlZ4Ukttd05Cc1VEbC0zUDh5Q21xSG9vbF9tZGRTRUphQjFRVVBvM2FodXpBWUZUOGlYSXg5NlVmRHZfVDZpYTd3SmloaGMzdGduMktVa1ZTREh1eVlOYlFiS3h3ONIBmAJBVV95cUxPa3A5cllHZEN1d3Z0R1RVSVhfci0tQVFpMjBSc1JlMVhramRPNFBodEloelBoNWEwMFd6NjBkLWp6TTZQTW1abVJieGdlZUJkWDVVMjFPU1BtSW5mM2QzeGhBc1ZlWnVydUxFYWdBRGg4NFY4aHpFYlhHYm9nVkMzTVZLc0QydkxjMzQyX3JNTG5MR2FLZ2NLR29nQnlkY3dOdnEwX25raEFMMXBFMFNLMVhkdDdDTTN3cjFWbEUwQ2hMYVprd1BOY21rS3RpVVRXcjBhaTY1ajNnalplVmI4WC1yc1g0U3Y3LUNVdk5tbTBUNWM0M0FHOUpaWFFjeDNMYmhXamJPWlhKbjhKQXFSRWlYUzVfUW9V?oc=5,2026-07-03T07:00:00+00:00,english,group_0192
0d540a052d6f347cebdc497cc0e20792,Google News - Govt Scheme (English),Best Government Jobs After MBA: Roles & Salary Guide - Jaro Education,Best Government Jobs After MBA: Roles & Salary Guide Jaro Education,https://news.google.com/rss/articles/CBMickFVX3lxTE5hZS1nTWJ1VGRNVGFjbWVRZ2V2QUNGRzFIWHB2QXNLR3NueWRRN1pwUmQ0VWUxOXRJdWd4SkZydEd0Y3o1Yk1PLWwxWmV0dUFUWkFYSVotRFh4UTdJU21rbGowTUoxTHBTNXRvcUZpd3Nudw?oc=5,2026-09-11T07:00:00+00:00,english,group_0193
6dd73d355358f6ce822cb5b8a2cab18e,Google News - Govt Scheme (English),Senior Citizens Can Earn More Than Bank FD: This Government Scheme Is Trending in 2026 - CAclubindia,Senior Citizens Can Earn More Than Bank FD: This Government Scheme Is Trending in 2026 CAclubindia,https://news.google.com/rss/articles/CBMizAFBVV95cUxNdVBxVDRxRUktZWFjTnhYNlBEeDZmQ2YxZGhIMTZ5RzVKYkxaM29SRkFpUzk4dTNuNWYtT0dVZjVIS2FpTGV5cHNSSF9EdDFZXzlmdW5idTlRa0xkejY2M1p6cXJQM1ZVd0UxWHpCN0RGMlN0VkU0Ync2TWdsbTZEZlRmOElnMXo0bndZM29rb1JsQkV2bWVUMWFveWxFWl9rMWFqSHZ6M2dXRjNSazMyaUliNWRkTkY5VGFFNHdpMnlyWmVmcXp0MXVwRVY?oc=5,2026-05-29T07:00:00+00:00,english,group_0194
aa342f00eeae6c675783ca4699c9c042,Google News - Govt Scheme (English),"PM inaugurates and lays the foundation stone of various development projects worth over ₹47,600 crore at Rairangpur in Mayurbhanj district, marking the completion of two years of the Government of Odisha - PM India","PM inaugurates and lays the foundation stone of various development projects worth over ₹47,600 crore at Rairangpur in Mayurbhanj district, marking the completion of two years of the Government of Odisha PM India",https://news.google.com/rss/articles/CBMi3wJBVV95cUxQNy12Q1N5YjY3Wmk4TXVaX3FySTZZaGQ0eVVjU2gzU2xubl9tdU9CMTdnVkhvTmRMeHRWY0lXazlmVndjRXpUcnA3MnlMYzFDZG5tcERnTmp5RDhKRi15YmJ5X0FCQVlUMll2anBIb2oyWFQxZnEtVjVFck56Uk5hVDJCWmx1Zmh3WHlsUnJwcUd1akpySXpCQ3ZNRTUtM2VMakdkRTVEWHV3WGpyU09keDQ1Tm9IenNXRU50RUF5MExqYTF5RC1fTHNrZVFEY3BYTVA3NG1RQmF3eGY2ZDBCYWNPRVp2RzNXa0FyYTdEbEpsMG5TNDJiUEt4dExpTUxJdy1yaUZuUzBCT1hFck1jZUFnVXVPWC1IYjN1S2NLcUp1dWU3NnZlOWotaWZQOGR1MmwzRjVxb0RSdVBYSExrdHp5ZXFxd3hYZWhLTnhkLTR2TF9udzlQVEk3aXBRalk?oc=5,2026-06-20T07:00:00+00:00,english,group_0195
88048fd73ead8c33b47b965d62695a01,Google News - Govt Scheme (English),Cabinet approves Emergency Credit Line Guarantee Scheme 5.0 - PM India,Cabinet approves Emergency Credit Line Guarantee Scheme 5.0 PM India,https://news.google.com/rss/articles/CBMipgFBVV95cUxPaTctZmlGZVhIdEFIcmlWemVMRzFNRGh4cXNZZTRIMmRZcTBnTW5hVDN4emF5MDBrUEEyUlN3Y0tndnlJX2JEWElYUDRlM0kwdzF5TzZwbVdXQWlaQnJHYVdjUlZjOW40c2xXeE8yZ3d5eDZiTHM1WFNYNVAxdTVMbFMxZnRoUUhheXZGOGNNLU5JUkV6MU1ib1M0RlJ2dGVqSlprZUxR?oc=5,2026-05-05T07:00:00+00:00,english,group_0196
8b06224ef8fde8c5aaef71f143a4b758,Google News - Govt Scheme (English),Agricultural Schemes in India: List and Importance for UPSC - PW,Agricultural Schemes in India: List and Importance for UPSC PW,https://news.google.com/rss/articles/CBMihgFBVV95cUxQOEw3bXc2TXlZbzB0amhxbWRhMFZTT09BYnVELWFDYzcwZS1xUm9rVnh6M0cxWlI3dXgxUm41STNWYXpOcF93TU05UnBqYzhGVm50X09kSkpEcWJvMktmNUVsLXBTaUpySk5FaGowSE5zcDV3Y0xWaUE3VllkM0hWX0NkeVFQdw?oc=5,2026-06-08T07:00:00+00:00,english,group_0197
ce195bf2a1f256ae9576237efdd800e1,Google News - Govt Scheme (English),"CHIEF MINISTER INAUGURATES GINGER MISSION PROJECTS, PRICE SUPPORT SCHEME AND EXPORT WORKSHOP - Government of Mizoram","CHIEF MINISTER INAUGURATES GINGER MISSION PROJECTS, PRICE SUPPORT SCHEME AND EXPORT WORKSHOP Government of Mizoram",https://news.google.com/rss/articles/CBMiwgFBVV95cUxNRHBhSkRFUGlwOUlUQ0cwQlJSaExERlB0dndtSkhRN2JNVThaTHBqMXNRcmZueGE3TnN5WkIzMk1kN0xyOE5KdktMVjhTRUl0blNUaDNJb09ReWQ2bnlSYlBucmhQVXRtalphNVVRX1l4VTRQeGJ5RE40anc5R1BwMDVmVjdwVHdNZGs5S3NLUWh4Y2pad3VjVVdFUFF1ampzZS1NeVptdE96RUNCOHQ5T2ZPejEySmtmZzJrQmt3ZVFwZw?oc=5,2026-06-02T07:00:00+00:00,english,group_0198
1fb4f2ab84e508f6671b32f5312aace0,Google News - Govt Scheme (English),Why Narendra Modi’s economic model is not working for India’s youth - ft.com,Why Narendra Modi’s economic model is not working for India’s youth ft.com,https://news.google.com/rss/articles/CBMihAFBVV95cUxPVGVOZlIxYnJoQzlRS0V2bTFXV3VQZTljalJoUWNnc1pZemdyTGFoazlPTV9veFBqbGVwckhFc0gtbDNJYTM3QWpzT0RkczlLT0w2cW9EaTV6Y3Q1UldHYXlTcW96LUR6ZFRaRnlrQ09oZk9VVlYtUE5ieFBhMlZ4b2hBT24?oc=5,2026-08-06T07:00:00+00:00,english,group_0199
4d036f05d279746eff4d82c41398101a,Google News - Govt Scheme (English),"Uttar Pradesh Govt Plans a Rs 50,000 Cash Transfer Scheme to Woo Women Ahead of Polls: Report - thewire.in","Uttar Pradesh Govt Plans a Rs 50,000 Cash Transfer Scheme to Woo Women Ahead of Polls: Report thewire.in",https://news.google.com/rss/articles/CBMiyAFBVV95cUxNZ3B1cjFtOUZReFVfT1p0SjNsdHR6ay1QQkZMc2RxV1V5LUxWTnVpQmRCd1FSS3B6NVd4cTFTVHVQZ3FmSzlfR3JNRV9XN202RHQwUFRhclRqMVd2Qm1taGFpTUJjbVRwTHoyZFBlbDV5T1c1aGVXbmJsOGxXT0VfSy1NWTZRVWh4bDhaUngwTGtURlZiQlMtclBxSzJSbjRJR2xfbk9fcmZJOWhkUkYxbVZjUkJ2NjUzNGY2RG1LX0J0NUdDVDZZaNIBzgFBVV95cUxQSDJtalpabWJGckdpOWhwYlp3RUpmVDBmQV9TdUVrNU1TelNGSkdCOHdxUGFQZDNndGRtX2JqRjllbno2WlNXbzIzSzZncFpSOWppNFd0U25Fckh3eGhERkUwTGJxeEx3LVY0eGFNMDlLc0dtbGJNSzZ0MzAxV0s1R2hKQ1BkbDZNUDlPSS1rQUxQdHBTRFZwMnBObzU2Qm9wUnJSenUzNGhEaWlkOXVzdnFKVy1FUmw3bHdkbmhUQUtyUEQ4dzdvZHhxMlpDUQ?oc=5,2026-08-14T07:00:00+00:00,english,group_0200
2981c1617534d6dac79f01eb0a659366,Google News - Govt Scheme (English),Gujarat Industrial Policy 2026 Unveiled to Boost Investment and Growth - CMO Gujarat,Gujarat Industrial Policy 2026 Unveiled to Boost Investment and Growth CMO Gujarat,https://news.google.com/rss/articles/CBMilgFBVV95cUxOTVJLYjZBeGlfOU9VVURJZDdBQnlhY2tiVjR2ODVPTS1wYlhFWFpZMlplQUliWUVEaC1BV2hGeEFGRjNpTzhTaE5kSDVfUXlxc3hBSVB3aWpCTk1uaVo1TGJiMVJWbXVibkNrampTblExN1g2Y2U4WElpV2hueDF1WVMzSDZGc0JCbkZ3eml5LWR5U2hBX3c?oc=5,2026-06-15T07:00:00+00:00,english,group_0201
ee4109ad7317deed908e0fbb481460ea,Google News - Govt Scheme (English),How to find the best government scheme online: 'myScheme' website reveals which opportunities you can actua... - Bhaskar English,How to find the best government scheme online: 'myScheme' website reveals which opportunities you can actua... Bhaskar English,https://news.google.com/rss/articles/CBMitwFBVV95cUxNOS0tamk4OVBIRmZBbjZrbGFVZnhSbDJwdGtLbURfel9nbzk4U1l5WTFBR2FiWU5oSWZlaUNoVDNtbnFiT0NQdGc1b0l0ZEo2V3F3cGxaWWNVcHZjOG9GUEdhVXQ3dTlVSE9kTHdKVUdCaTFDMk1yNWdpajZpN1Nlbnowb0dYS2lNWHB6MlRpRFIyUk5WVkFhdzR0OEd3dW11dXVKc2YwS2hqdkFUWThGZmphUm9hUFXSAbwBQVVfeXFMT2QxVFhqVFFjaGdGTG9feHFBQTQyaWZEZTZ4djlYYlhQTkk4a2cyVE5FRmpXTmlEZFp0Mmt4YTVkbnY4eEhvNG55cUE0TWI3cHgzWTlrS0xiRGdBd2lqQTJ4cDdob05vZDdBTGltSGsyd0lscWlCYWFTSllkX2UyQmtNT19yQ195TVJJeDBlSVB2RkhTVHFZR1dEclVNNGh0MkVyaVdVN2ZoQzdnQS04Vm1uX2JLRHNmamVrQXY?oc=5,2026-05-19T07:00:00+00:00,english,group_0202
ae49caee62b65ec9e0a57d069e222be3,Google News - Govt Scheme (English),Royal Society of Chemistry joins Government of India’s ONOS - The Royal Society of Chemistry,Royal Society of Chemistry joins Government of India’s ONOS The Royal Society of Chemistry,https://news.google.com/rss/articles/CBMijgFBVV95cUxPSVZBeWVDeENEUTdkR2RNNERkbl9GSzFpeW5HajZtTEp1ZG9ReVN2UGdxMjFKZi1QaFBYYlYtSVVfZ0tHbG1KQUxRRkVKM01fMDRpaDVrbHBuazhMVC03MnpqWnhPdl9ldWtCMWhfVFVjanNLNDdHLUo3R3ROZDNXQWFtcDhNMTVBdkc5ektR?oc=5,2026-05-12T08:02:40+00:00,english,group_0203
4f7b9051f835a837b5fa4e3c35f4a1f6,Google News - Govt Scheme (English),Mumbai Kid Helps Domestic Workers Access Government Schemes - thebetterindia.com,Mumbai Kid Helps Domestic Workers Access Government Schemes thebetterindia.com,https://news.google.com/rss/articles/CBMilAFBVV95cUxQTTFWMHFxNkhHVmpQOE1DSEswWmlfaGdlWWtTQVJMa1hXaG9aMjhQSV80aUk2NzdHOTFfaTVBSzBYaU5DNWtFSjVtX0RmWi1yb2tSV1R1eExndnBCdnNoSXA3RE5QTnZlenpHXzJKUEtpazJvNDZPTzZQYU4tMnBETFpVTjZqRGlrVVpQbjFHT3Q1bUFw0gGaAUFVX3lxTE1vVl9OYWJFUEdKQmdiN3FILVh5cnFxV3JyX2JkdnJGUWVFbmd0MHpWc29jbFJEVGtkX2ZqWWQ0QkFkdFZfR3U1SEoxWjRReVJQMzZ3N3VxdGFVVS02RUltcXl3Qks5eksxQ2d6bjRlbXN2eDdxN0hzZnRsMDlqUjF2bFVfWFlUbW5EUmJ4WmtVYTV3TTVhaW9oN3c?oc=5,2026-07-03T07:00:00+00:00,english,group_0204
725d0920c6578d29b5e7a12b2cda5a18,Google News - Govt Scheme (English),"Medical Devices PLI Scheme: Govt Releases ₹266.64 Crore Incentives, ₹209.8 Crore for Device Parks - Sarkaritel.com","Medical Devices PLI Scheme: Govt Releases ₹266.64 Crore Incentives, ₹209.8 Crore for Device Parks Sarkaritel.com",https://news.google.com/rss/articles/CBMid0FVX3lxTFBLNTEtOU5HZk9ZUWdoaWxxSmxRYUY2X0JvNUNiazNBQjRBWVBYYks3TThISlgxN3JzalV6Q2l0M1RjYnRYUGp6djZHY0FhU0hiUnRtRGstVll2WjVwZzRUcUNGQWdsWU9BVmlVZzVkRzVJYmtJckdZ?oc=5,2026-07-24T07:00:00+00:00,english,group_0205
ce5bcfd12ca59a88dddc1a9ec3b13bd8,Google News - Govt Scheme (English),PMRC Scheme 2026: India Offers Up to ₹14 Crore to Attract Researchers Back Home - YourStory.com,PMRC Scheme 2026: India Offers Up to ₹14 Crore to Attract Researchers Back Home YourStory.com,https://news.google.com/rss/articles/CBMigAFBVV95cUxPb2pNZXFFM0U5Umk5NnVPMEFPTlFrdEh5ejNfYzc1cjc0a3Y5a3VZZ3JJUGxxei1jdGJrSTF4WDljWjcxZGVqRHFPcDJLcHJOYVFkN012ZDF4R3JhbmVmdmRDNkVralNIbHNXM2ZUWmlpdmNvb0FaMXczYmVlVktjNQ?oc=5,2026-06-18T07:00:00+00:00,english,group_0206
4fad83bc65a40af2b1f38261aa989d99,Google News - Govt Scheme (English),A Ride through the Inland Waterways of India - PIB,A Ride through the Inland Waterways of India PIB,https://news.google.com/rss/articles/CBMiekFVX3lxTE9yNE5tVUlYUWxGTXlwWVI4MmdIMG80RVB5dnd2WW9EVl9vRG9SRnZnb1ZpcUMtdzZxNWpzcHc2ZUtVbTV5d19GNUlsaDN6RkI3ZHBwX0JKR0JrVnItVDhoMjBWT0pvOHhUNEVER0pNUDRiREtRUkt5ODV3?oc=5,2026-04-27T07:00:00+00:00,english,group_0207
05286aaf9c896fa6994ab9397e171964,Google News - Govt Scheme (English),World Bank Group Provides New Financing in Support of India’s Reform Program to Boost Growth and Jobs - World Bank Group,World Bank Group Provides New Financing in Support of India’s Reform Program to Boost Growth and Jobs World Bank Group,https://news.google.com/rss/articles/CBMi8gFBVV95cUxPaVMzYWd6UE1tR2hmQzhDVVM0UnBkdUtocm9JZFlUa2NkNVlVMXZHb2ZzX3RjSXprMWFZU2JscmFTZXlDc0dBbnRQNWFaNlphNE1lOUdadDEydEFVRXFIM1pFTlRQNVJNVzFJRFJhclNsZDduWklYNDV0a2diVW1uVGJ4eGI1WHVJMmpkRHhiSnV6NVlqeEdBUFdSMnFGWm40MkMxMjhGVFI3a0Jvd0FsdUwyS3B2WW1ZUDk3MFJkVFVUeFNXMDBDRGJ0czhHMnU4Y09xVE16bFc3Qi1SOUt6SWhFWVZrbnJ6Z1pJWV9UZjZjdw?oc=5,2026-06-18T07:00:00+00:00,english,group_0208
84702ef98f4fce563f806900f4c62e71,Google News - Govt Scheme (English),Govt likely to announce revamped gold monetisation scheme: Sources - Moneycontrol.com,Govt likely to announce revamped gold monetisation scheme: Sources Moneycontrol.com,https://news.google.com/rss/articles/CBMiygFBVV95cUxOOG5FX3lvOGpuQzhoai1lTktBQklPYV8xUmdTVmJfSnlPbkh6UHNTWm9xdGxGNWt3T2lWY0R6WTVVM1M0YUJ2VktJbTNlRzd0SFNFdmJOVXE0UWFoUTRwT2xpaE5LUnF4ZEpCNkozNnBMVXBTUXQwaGpJSzhFTFllSWItODN0ZU9iQWQ4cUdrWllFbkxUZllQQllkazh4ODA5aDVYZnNsZlp6eEhMQmY4N0FvLXZXcjY0bUg1SnVPZHAxdnRqR0NUZC130gHPAUFVX3lxTFBVTTRJbG1QOGVzUGhUSUxDXzNqem4wLWlCaU9wcUxSS0ozaUczTGhLQ1Vhcm10YzdSMDNva3NSaGdRMmhGRDV4UkdrQ2NuVExGUDR5MVBOWTZwXzU4WWF0eFlJYXNWLXF0QUwtMEliQlh2R3pqM1BJekkxOVpMZ09ZbFJzVnNuc1dTTUY5RkVibFQzeUxES3VzWnJrbW5McVkzdjItV0JEZUJ4TS1XbU9sQXNkNHZPeUNiMGUwZWVLRDNYYUFqc1F5T1BIOHYwQQ?oc=5,2026-07-03T07:00:00+00:00,english,group_0209
b5706f68d6666ba9f1cefefde0ddd3c9,Google News - Govt Scheme (English),"Yogi govt may offer women Rs 50,000 via cash transfer or expanded welfare schemes - India Today","Yogi govt may offer women Rs 50,000 via cash transfer or expanded welfare schemes India Today",https://news.google.com/rss/articles/CBMi6wFBVV95cUxQekxDVmxvYVJNdWF4S2Z0YU9hSVlJVUxFeXF0dEREQXpoRmdHWHBOM053cU9RRlUxSjhSR2tGQ2FXOGo3ZWpGQXo2UGNjMHVPQW1EMXZrVFEzbTRhUjNVQ3NrZUpNOUdSOEZ3VFlIQm1URnpFQm1TaWxuQUhhcTlma3RSUDJxWGl0bFY5eVF1WEZLcGpDMTFtNlpjTzNlV2pXdWMybURuYVVuQVFpa1dUMW91ZHV2YzdCd09sdG9Hcy1hNU9QbG9US0dCOU83SHllNGgwRjJ1TzV3TFJDMFA3N25iU0ZpODl1Uzc00gHwAUFVX3lxTE52ZG5RRGg0YkJ1UU4tNHpMeUY2QmtQQlBzOHF6RXVYR0J5SWxEWnRydU8tQWZMcThoMkpyWHQ0VDNGYVRJQ1c4X1B5dzBEQlpkSi0wNnNKU2dEeW56QnkyRWVEWnVIVHdVVkc3YXdabF9aU21vbVRiYjdNVldUbEVPR1FadmNiN2plZVRUamZLU2Z2VjFNWWxKQm1SNEQ3MG1FeVFVWEM1RUc0R19kazMzMmxPNnY0S244VjIzYWNoUEN5dk54N2Zzak5BN2xVUHBhT0VZXy14NDJ5VjEtcExGQzFjdFpjMlgydE5iMDhkMw?oc=5,2026-08-13T07:00:00+00:00,english,group_0210
9836bf118e9f2fd5d0eccfe0e2608630,Google News - Govt Scheme (English),Why India’s tree-planting programmes are falling short - Mongabay India,Why India’s tree-planting programmes are falling short Mongabay India,https://news.google.com/rss/articles/CBMikwFBVV95cUxPMmNCd0FEUjZiakFNLXBHaW5uVkFQR0VxN0k1SEZ1TzlkS2xNR2Vlel9fd09ISjBaTVlBal9YWTVmMFRmYTNockZZdTFnRjQ0MkJLSldKTDViWUszUE5FVnFMRUhOS3N2a0N3NUJfT2g5b2U3bDVUTjRwQ05VeUdXVWFYeElGMXY3Ry15RE01RXBmMWc?oc=5,2026-06-03T07:00:00+00:00,english,group_0211
95e34acac9407648eea9bb0171b4d31d,Google News - Govt Scheme (English),Sitting on idle gold? Government may soon give you a reason to earn from it - India Today,Sitting on idle gold? Government may soon give you a reason to earn from it India Today,https://news.google.com/rss/articles/CBMi4AFBVV95cUxONTdYR1pkUWlPM0hlYWQyZVNFdERoWXZTbnJNRDlWZEFGWjdvckpCZUItV2dtSHZMLWlXZDJ3TVY2MDBKS1JpaUZKU05ybGEtUzdPdU03LUNQSjZ0d0FIUUxrczUxWDR2UWdWcFc4SW1YYTNxSmZ6ckFNVlJnWEpDMWxmU2ZuZi1xWllSYVFZN2NQQVluYm5ROE51MnZhX0lha3gwS25KSjQzQXZvQTJHc0I0SG43dW16a19OejRCUHl1VGZVWnFuSzJBMXladTlsWl9uUHgtdzhOSVVhLTRnRtIB5gFBVV95cUxQV2RhTlB2Z004cDNtVl9Ea1lEbUk3UHFVRVpzd3NFRUozaGFEbG9EUWhldTMtc3lIRUJQVXpERlluRUZlX2lhbEp0cWN6elN4RFUwQ0RIWVp0MF9JZDFiMTBleUhHQjZ6SEJNN1dyOUMwRFZKc241a3MzVEJidGRPekpZdHJJbHBNTXpXd2FOSWJhLWJNclRGU2gwVXo2eGRBeHV1QWN0U3BIN042MkpfMzhMaWc4bkM4VmdWUGk3QlZtZjJNY1F0TG5aV2llaU9TYVphWWpBa1R1M0VnLW80eTdpVVhZdw?oc=5,2026-07-06T07:00:00+00:00,english,group_0212
af21df1f2c50ac4508596680b8344952,Google News - Govt Scheme (English),How will govt’s new scheme to replace 2 lakh polluting trucks & buses in Delhi-NCR work? - ThePrint,How will govt’s new scheme to replace 2 lakh polluting trucks & buses in Delhi-NCR work? ThePrint,https://news.google.com/rss/articles/CBMilAFBVV95cUxNRV91UTJMMFBZOWkxTVNwY2tTMVlucEJMOWVkczBfQ3Z4QnlDbUVhSmtWTFZmOW5Cd3RlNno5dnp4QTNSR3owWmlJUlJvc2x3cDNwc0ZFLWdSVXN3X1oxNFBaR0NMYWJScFpteklBMVppc2x2VWhFNHJadDUwbDlMalJKeXgwb18xblRaRnhjMHd0dWdr0gGaAUFVX3lxTE1QMklVRE52RF9kdHZnVVp3Y05mQkhwODFhY21PVzNjRHlqbFV3RE5ieXZRdmRuN3dvVVMxSmZhLWM2cFFtWl9yLUxLRGhHOXNVMFNxR1BBUkZkSmtvZVV5aXlXODE5eDhWUlZCV1I0eGNWQXpER1hxM1dFX2JDLVNOMngtQkpJQlRkS2EwRVEzOXNKeXRVTV9wSnc?oc=5,2026-06-04T07:00:00+00:00,english,group_0213
4db3f60ac7bb91a3125dfb308062425b,Google News - Govt Scheme (English),A Review of India's 2023 Space Policy and Entrepreneurship Ecosystem - Carnegie Endowment for International Peace,A Review of India's 2023 Space Policy and Entrepreneurship Ecosystem Carnegie Endowment for International Peace,https://news.google.com/rss/articles/CBMivgFBVV95cUxOOVVHQTN5NTNmbGplNVlnN3Q0VWFZZ2xRX1NhVjItQnU4ZVFFZkFuRlJfWDNFYU1OdnVyNmlxYTltWTgya2F5aDN5QVRTS2R3d29Hd2htcGU5R282VzFSZkpiRWdPTFVEcnB2Y19ITWR0bU9vWDZxLTVSWTYyTGZGNmF1bk5ZTEQ3YTFmTjJLTDRHZmhiUTg0cloxT0c1XzZJdkk4OHpBM1FXU2tGQ0dGaVJtUHNBS0Z3RVNoVnlR?oc=5,2026-06-01T07:00:00+00:00,english,group_0214
cb10aa8f02d3c2a84f12bfea9bdb503e,Google News - Govt Scheme (English),Govt refutes fake message claiming India Post is offering gifts under Dak Seva Gifts scheme - News On AIR,Govt refutes fake message claiming India Post is offering gifts under Dak Seva Gifts scheme News On AIR,https://news.google.com/rss/articles/CBMiuAFBVV95cUxQYXNSdUkxRWZCRTBFQUIzWmQ2SmpzSFpka1EzcnJUUUtuME5QTjlKeV9heWF5cGZhajZVMjVwV3htVWQ1eEFTUzd1S09VcDZHT25OUFZiN3JCMWo2T255dGFhOVE0MkVyMHpDWnI3LXlKbHJHWkNnTGFiVDdnb3hYNS1abWFmTzlJWF8tbmFQVWtiQi1ETTdHY1RFTDlmQzhqem03MGZacEZaR2dZSlNXU3RkTDRBcDEt?oc=5,2026-05-31T07:00:00+00:00,english,group_0215
63d6066e6f57bf9a95d3712cf8c653bb,Google News - Govt Scheme (English),"Vocational Training in India, Government Initiatives, Challenges - vajiramandravi.com","Vocational Training in India, Government Initiatives, Challenges vajiramandravi.com",https://news.google.com/rss/articles/CBMifEFVX3lxTE1VMzJHaENKUE9aekJrZ2ZuWU1COVBPUmNFMnc3NF9MZC1CRU83YlAtZEYyT2pSMmlDSDJBM3FraGtLVGJNMnJub0c0SWMteDJoRktDbVpTc19MVzVvdHBaMW1oVWEwN1FYVjdrQ0JMSmNrazJYR3VPa1JwbHg?oc=5,2026-06-03T07:00:00+00:00,english,group_0216
257d269f34d0f4602abd7a52bd7361ed,Google News - Govt Scheme (English),"Govt Likely To Restructure Gold Monetisation Scheme, Bring Jewellers Into Collection Network – Here’s What You Should Know - Outlook Money","Govt Likely To Restructure Gold Monetisation Scheme, Bring Jewellers Into Collection Network – Here’s What You Should Know Outlook Money",https://news.google.com/rss/articles/CBMi6gFBVV95cUxORmJtT0pLM1hBX0hKR3Q3XzFKd05BTnUwZkx4RDQzTTM4WEtuWm8zYXlhcFd6b2lwWlY0TWF4NnJIU1hRWVNnZHhkNjdMZVNvMlBLdWtWaEhLYUZFb2ZBbmlkLVhXeUs2dHRHWW9ldXJsQzd6Uk9JMzB0aTRkSmgtOGhvNUJ3b1VUN0t6cVBOR0xzQjVKQWtvbWl3c1BUekZacGpzaDdzRVU1bWFBVXRuVExkQWhoUlQtQXhIVFpuUzhmdUFSTnpycS1UN1dlelRrVkQzZHk4UFdmZy1qWHNRS1gxSlZqRGRLLWfSAfcBQVVfeXFMTXdJODkwZ3dkaXVSWWUxUjBwSzJtSFZyWC1pSHBVUVRNeU1ZVlZyOTdERnlWM0FSZmtUU0Vad1JfSzJpUEloRnh5ZDJSQ1lzQmxtU2J5cXNOaXdFU1ZoVzlnOEdMMjVweXV6bVp4elJIeWpGYmtQcGJ1eEtRd20xUXh0Q3dlRUwyR2Q5Y1hzanZ3dEdNOXlMNDVPY0RXUjZHZGhadGVrWkpVM0xtT1o1Vnh5Vm83alVxd3ZKbUk2ckZRZUV4Nmk3SVRkYkI3blRrS0lVbDRDQ2pvWHgwU1dsMzlHZ3dyTnRhU0o2NkNYeUFjZ3dhYlVibw?oc=5,2026-07-04T07:00:00+00:00,english,group_0217
d0216fc5ee50de48e55af0b41c853a6c,Google News - Govt Scheme (English),Govt warns public against fake Students Laptop Scheme 2026 messages - News On AIR,Govt warns public against fake Students Laptop Scheme 2026 messages News On AIR,https://news.google.com/rss/articles/CBMimAFBVV95cUxPNEVxa2RLSkYySERiQUhXQl9xdEZvdzZ1Z1NDUUIyd2U2MDNTSi1YWTZ3bndrNjlDTG9sR1RBZFNQaFZsRnVvLWJUNHhzNl9DVzdLWndoXzMzMndKV1hxdGVnWjcwdzVMb1lZZjFZRG1SellfbXRYajh6RjQ1QllsdWp5VHVmcWV4LTlDUmF5eGIxYi1kNzE4SQ?oc=5,2026-05-23T15:09:49+00:00,english,group_0218
b5eabde57288f82f43652e8451c086bb,Google News - Govt Scheme (English),"Social Security in India, Status, Schemes & Challenges, Measures - vajiramandravi.com","Social Security in India, Status, Schemes & Challenges, Measures vajiramandravi.com",https://news.google.com/rss/articles/CBMid0FVX3lxTE1VYkcxbEtrYlJUQUtsTG1jdDZNMUdJNDlPenlZVnllaktPX1JnQWdGczIzOXBROXZUN21HaWR6QXpCRVV5QVFtQ1E2bXp4VWlFdWpEUlJIc1pMNHJGbmw1cDlNUU1PbUJodFhVcG9xUk5BYjRIRzA4?oc=5,2026-05-06T11:52:10+00:00,english,group_0219
b933361a9e2b8f29fe608af90c413ca7,Google News - Govt Scheme (English),Government Policies and Interventions for Development in Various Sectors - vajiramandravi.com,Government Policies and Interventions for Development in Various Sectors vajiramandravi.com,https://news.google.com/rss/articles/CBMingFBVV95cUxPTzhmZzNpbGwwaVZqY1BGb0w2SU5UaUJuM1FJOFdaR2FaS3VzNEVTWUhIVkxTZlVQazVHNmFGUFFMTDI2ckNFNm5tMVNxTXlTWS0xNVpSUWktRE5kdkkwSnExeHJZR29MUkJXVnhzRmVzTkFrWlNBUm5yaC1GX1hCNGxFeGluRXVGWFlFdDJwcU5PNXBwZVdfMHROd2dEdw?oc=5,2026-05-11T07:00:00+00:00,english,group_0220
9c4efc41abbfef70651be6e71e1a7309,Google News - Govt Scheme (English),"Government Debunks Fake Post Claiming ₹20,000 Giveaway by Indian Post - News On AIR","Government Debunks Fake Post Claiming ₹20,000 Giveaway by Indian Post News On AIR",https://news.google.com/rss/articles/CBMipAFBVV95cUxQMnJjTDV6OGd2SUF6OWNtOGFLSjctNUJFakRnQTdvbmxJQ1R1d3gyT1pMcUNwRXFaaG44WXBhMDNNYlEtUmN6ZEg4YVpqR2RtalJVV1E3U1VjUXNMRlZKV20zUGlNMGhNeGxfRG5aYk1Vdi1qb05RbmkzbS1xWUVlSGNLWGpCRmNuYVNXM2YxdGdlYnFrYWpjR2ZQaXAzSW1vS2s5VQ?oc=5,2026-05-23T11:05:30+00:00,english,group_0221
9b85463da431d795794d0afdac24900b,Google News - Govt Scheme (English),What Drives Rooftop Solar Installation Decisions in Indian Homes? - CEEW,What Drives Rooftop Solar Installation Decisions in Indian Homes? CEEW,https://news.google.com/rss/articles/CBMikwFBVV95cUxQOWo0NW5ua3JQeU9mZzBZaEhhRXFRdzMydFJTeTFhU3hSRHFfdGo5Z0pWZUhLQ3pjbFM3amlFT2FtVFpJREFLNmM2Q3VmRTNmV09sRDFhYW9kQ2pCVm1maGZjSGgydWJSNEo3MEZYOTVQZXllV05EV0FpQjdydkdVakJseHhPS25KLUxnLTRpZ21BZUk?oc=5,2026-06-04T07:00:00+00:00,english,group_0222
4894c86f1a187ef36cb3aaf9429dc264,Google News - Govt Scheme (English),"Brain Drain in India, Key Causes, Economic Impact, Government Steps - vajiramandravi.com","Brain Drain in India, Key Causes, Economic Impact, Government Steps vajiramandravi.com",https://news.google.com/rss/articles/CBMickFVX3lxTE5JTkY3ZU03a3NvYjVJMDNEWmlXdHI3Uk1zZllTeWQyVm9hOXBLdjRTQmxIa3BTV05rSVJSQTdOQTNiaFhQZG1iZmdUZjFPcFVLWERoMkJUQTJwTEJhNTdKVVJzZ3ZrM0tRU1pLaEhwaFh6UQ?oc=5,2026-05-23T07:00:00+00:00,english,group_0223
d129731246469e3564180c14c53dcaa6,Google News - Govt Scheme (English),India’s LPG Production Increases by 25% Following Government Measures to Boost Domestic Supply - News On AIR,India’s LPG Production Increases by 25% Following Government Measures to Boost Domestic Supply News On AIR,https://news.google.com/rss/articles/CBMiugFBVV95cUxPTmRxUTdzQUROZGJUVlhxNWpKcVQ0bmFheHFSSDJDaHhseXRjSnkzY1ZOSVRzc3drZGk0czdhWFhwY2JTYlJfdGJDVkxDUEZUQThFamJsWmVfM2l3ZGE4OV94MFR6Mjh5bVRvZ2NxYVE2WTN3OXg3UV9EWDBzWDNWVl8zU2M5SHBqdHhQU0FFZ0pjV3FwREMyNmhoYXYzX0hlMTA1WWswUmVXRWp4c3NvVkd2SkV1c2ZDeGc?oc=5,2026-05-23T18:30:24+00:00,english,group_0224
83e40fea6e64c0603598e6f015c5ba8a,Google News - Govt Scheme (English),"PM lays the foundation stone, inaugurates and dedicates to the nation multiple development projects worth around ₹9,400 crore in Hyderabad, Telangana - PM India","PM lays the foundation stone, inaugurates and dedicates to the nation multiple development projects worth around ₹9,400 crore in Hyderabad, Telangana PM India",https://news.google.com/rss/articles/CBMipAJBVV95cUxNck9OM2ExVkxZS3dEVXdmMDlHdkxMUjJEcGhfbjBZQzlXUjJrbnNTaUpyZ1RvbS1udTBoQUN0ZjloMjJ2RFpsQnJVdnA2dWRiSlZ0ay05UGpjVGhlb2QtT2RMcEZkRWFoOVZxWmxRTjRsMVFwRGlpanJTcWRBVVR4dmhEQlJyOElIS21qSno2dHF5UFZvNF90NnJjZTBhcE4ybDMwS1VveXlUSmhvSWs1eVJidUpCM3ppS2dpY0g3MzVFVjRxUEdlOW1nYXlBMWNJTVQxUG1veDZGYVhGWGMtQ3NUVU15WW1XeWRCSUpSa3N5LUhHZjV1SHBJQjhXOUNGZmtHYjVsTEMzd29PWkFWNjlwd3k5VzJOYVJpWlVyaDdLRWxG?oc=5,2026-05-10T07:00:00+00:00,english,group_0225
28c306ca865756ef6dc7d4fc364830a0,Google News - Govt Scheme (English),"Smart Metering Deployment in India Policy Framework, Institutional Structure and National Implementation Status - IBEF","Smart Metering Deployment in India Policy Framework, Institutional Structure and National Implementation Status IBEF",https://news.google.com/rss/articles/CBMi5gFBVV95cUxOd0owNzlmZHU3dkFlQ2NQUkdwZFdkTEo2M0dPSDlaQTNjcTJzQmFEWkVpYnRTdzhVTjRCZ2VMWlNScm9wTHdzRXQ4RVVMUHR2RzhRWFhDVDltWGpDSzQzRHdEQmNFMnNFbDdiajN6SDg2UHZBaWhWaWJaN21neFVmeC1QbXZ3TTFaNWJUbi1nSU5GS1h3aGtzeFJGUlViNUZCbEduWHdlWjh2dUgtbmd5ME45QkdZdDlYUFIxdmFZVl9rZUZuem1uVTN3ZkZKYnFtTmpUSGdBX3BXdDZFR3BCdVFVQTduUQ?oc=5,2026-07-29T07:00:00+00:00,english,group_0226
3193f79d00819847f06450ecaff93bf5,Google News - Govt Scheme (English),How India’s CBSE exam scandal set off student outrage against PM Modi - aljazeera.com,How India’s CBSE exam scandal set off student outrage against PM Modi aljazeera.com,https://news.google.com/rss/articles/CBMirAFBVV95cUxOaFZPTm9IX3RFaFhXSkF3WlJWVTZTNnFLbS1QZkVsbG5FWXU1WDA4dHdHcC04NzR6ZTEzWE9yVEExNUIxLWoydDBoaDhfclVESnltQkt4dFlJMUY2bm9VNUg1NmxNQzZtb2RLTkdTUFdpQmFOQ0piekdkSFFMN0lEdFBoT3c1Q1NtSDlJbGt3Z3RCQTBpRVNMZTlGYWtiMVlQRS0zTnd1dkJKMlVu0gGyAUFVX3lxTE01Ml9ybE11VzRWV3ZfX24zTVBIMHN1eUg4ejctOUIzTlI5X09pSXFMZ0VFUC1LcmFuTGFLdjh2OWdyMjQzWEN4QUxfbURqNE1RV2tabEtya3FXS01BRXV3V0psYWV2ZmNXZTd0eWhfWlRXTGdWQmFfNUxodVdqLXI0UmViYVp5OXFXazJDV1gzclFVYUNWa2NMdWo0cEtqSGFNaFdlQ2t4dzkzb0tlOW8zR3c?oc=5,2026-06-04T07:00:00+00:00,english,group_0227
18dd44d6573b65f3c567c9c1e79b1f0b,Google News - Govt Scheme (English),"SIR-deleted can’t avail govt schemes, says Bengal govt; Bihar CM talks of ‘cancelling bank passbooks’ - The Indian Express","SIR-deleted can’t avail govt schemes, says Bengal govt; Bihar CM talks of ‘cancelling bank passbooks’ The Indian Express",https://news.google.com/rss/articles/CBMi7AFBVV95cUxNMkRBQ0s4cm5lZ3Vub2xJRXo2cFNHZjNKdmVGUVlCVnZxYVVqV0pDVWxkNDhlMmJkZXBkNGRxWGg3RFUycHI5V3ZSLVdTWHhGekt0cmNSNWQzdncwZHlGUUdIdjJTTF8wbXR1UllaeUpyRzdHR2l5dnlfTGZqWGNLOEJNblN3VXQtRk03U2k4bVlmczdwQ0VYZUprcWdHbTQyQWFQM2Y1ZUV3enFVV3dVNWFCQVFZTm1iQVBWajRtaGt1c3NOWFBpM3h3aE5nV3VOd2ZhcGMtalp6U0pjQTF2UkdZMXJQYWhfdXlreNIB8wFBVV95cUxNb0pTb2FfaEFiMGZfT2RiWGJHaGNMWEFnUTduVDk5Nm1HRG9HRTR3VHpST01GalB6ZnZVYXFLVVE0ZGV2MmpvXzRQeHRqS3hNTDBudlN1anBmaGtCSHB3UXVoaGtnbEhMS2ZRaWNOZVYtMVpqdHdPUVBmaDlzdnhVSmdjVWYwRFhZWGNJOEItVHRxNVlXMWdOX2ZRYVBQWndPZTlkZi1VZVJWOEZlbWU3a3RrQ2s4RmlUemdDRkVHbFlaYkpVSmVZOU5fRXZFNkhxYUdHT1h3UWxBRVpHb1FVTXpWQ1MyblhMOEpuU0ZvT0R3cnM?oc=5,2026-05-13T07:00:00+00:00,english,group_0228
d15156031be44127c3a1e46a02e7a5eb,Google News - Govt Scheme (English),Electrifying India’s bus industry: The decade of transformation - kpmg.com,Electrifying India’s bus industry: The decade of transformation kpmg.com,https://news.google.com/rss/articles/CBMiqgFBVV95cUxNd2w1c1hMbThXclhFRHUxa3ZyZzdwYmxCZEk2Qk1uY2hXRGdRVjdJQXA1VndJNnNjLVNkcnNwWTZ5NW1vXzNCVm55aVY1OE9oTUJvNkNtV2hSNFlyam1NdXNFM3FxVGVrWWhsd2E3V010MjJHNnVYTGYtX0pIaVFnUDZTNl9jMWhCWnhTTTZwb1l5NUVBUmpERkNRZWVoQUNRUkZJN1hZQUp5Zw?oc=5,2026-05-14T07:00:00+00:00,english,group_0229
76ffe4f4fe37f48d6c230da489da0407,Google News - Govt Scheme (English),Securing India’s battery supply chain is more critical than ever - Institute for Energy Economics and Financial Analysis (IEEFA),Securing India’s battery supply chain is more critical than ever Institute for Energy Economics and Financial Analysis (IEEFA),https://news.google.com/rss/articles/CBMiiwFBVV95cUxPbS1VSFBTMDRIUUVNbHg2YjlLOEpuNldwek1kN0hNZURuX0tfczhxYVgtZFlkS2FNOU5aUTJ4bGdGU0NzVXZjcUNJX3RpTmFTckh3Q2FMUFpWd2tRYll1bWpiY1BQR2s5b09EVkpPS2JNMklwNXJDcXJPc2tTMHlVRmhUc3ZVbFZmVTY0?oc=5,2026-05-29T07:00:00+00:00,english,group_0230
6ba2b2e79553a15c98b06098695fb297,Google News - Govt Scheme (English),"India-ROK Comprehensive Framework for Partnership in Shipbuilding, Shipping and Maritime Logistics - PM India","India-ROK Comprehensive Framework for Partnership in Shipbuilding, Shipping and Maritime Logistics PM India",https://news.google.com/rss/articles/CBMi2AFBVV95cUxOcFk1VnlUbTZBVDdsV3paTGF0RjhhdDlLYW4tdVlQTmVqRURHQXVVLUhQQW53SFgybll0ekU1N1c4QndPNWhGWmk1ZFFwSlhqSUI4RjlrTF9WOGNXZGxINEpkX0syVFltQnVTWEVPSWNtVGx1NC12aEtQRU9rb3VjZVhXZ05tUkl1RHRBaGZPWGxXNzVMVmxDaGd3b0RTRnRXYk1uNWdvWTEzaERON1FrcmpVd3V3M2NNWmpJbjVwWGpqMnM5MDNjNE9OUDRib01xOGdrVzljbVk?oc=5,2026-04-20T07:00:00+00:00,english,group_0231
3d8ffbc1568671273415faf78fe5d447,Google News - Govt Scheme (English),Unlocking India's Tourism Potential - Drishti IAS,Unlocking India's Tourism Potential Drishti IAS,https://news.google.com/rss/articles/CBMingFBVV95cUxOcUhCU2NMajVJY0RMbWNkNVpwVU5MZXVZMmJVak5BdHJvQ0lBMnV3N3BCMlJiQlF0WjBrR2NncERCOW02VWdfUGpLWHlGWmo3NnJuZHBpeXU1SEJoQ0g2cW85UzdrdF9XNE5xZlJsNXBDeTJ4WFppN2oxLTdBY254bTAxZGIzaTc2LU10c2ZRUVNUeXhRVXVoQ2NnSjhzZw?oc=5,2026-07-15T07:00:00+00:00,english,group_0232
482c82358461b546ed228c4ca5b0e928,Google News - Govt Scheme (English),Make in India: Strengthening Manufacturing Growth - IBEF,Make in India: Strengthening Manufacturing Growth IBEF,https://news.google.com/rss/articles/CBMirgFBVV95cUxQSUxsemRXdlNoV0Y1UnpMaFJLWmVqc3BiNEQ3WDZhbG5ISEhxRlRmLVlaTHdmZV9fejVGSDU1MFV5WDd5TXUwT3dmN2t5RVhIZWRkME1seVNGdEd4VnlRRWJtbjdhUVBWdlU3d1dNcFZVOW1vVjZGYW1pTHU4RUlibFg2ZkxGeXR2RmdUamVwc002ajVhZHJXTTFQOTQ0VFNTMW5VclNZcV9kcVhPSnc?oc=5,2026-04-28T18:05:30+00:00,english,group_0233
c8b2d7fd1a08d9a633a470c024341cc4,PIB via Google News,"Banks to remain open on Sunday, 27th September, for convenience of customers - PIB","Banks to remain open on Sunday, 27th September, for convenience of customers PIB",https://news.google.com/rss/articles/CBMifkFVX3lxTE1JNG1mLVh1b0FBdFVuT2gtTFBfcHRoekNIVnhzWTczSEFKWDJNa2E4SU8yaWhmLTI5bW5xUDlXRzdTeGNQaUNwYXh3cUJ4M3pOdUN0LTNPRzRveW1BcU9iYTdBUG44LXo5VlNwNFQyT1Vvby1yODFuSG40UFlUQQ?oc=5,2026-09-23T07:24:00+00:00,english,group_0234
75dd9408eebac7334a1a8f1697dffa0f,PIB via Google News,Major boost to ‘Aatmanirbhar Bharat’: MoD signs Rs 811 crore contract with BDL for 160 Satellite Smart Anti Airfield Weapons for IAF - PIB,Major boost to ‘Aatmanirbhar Bharat’: MoD signs Rs 811 crore contract with BDL for 160 Satellite Smart Anti Airfield Weapons for IAF PIB,https://news.google.com/rss/articles/CBMifkFVX3lxTE5kNWRlT0dYTEktSmMwTERHNmM2NjFsdDZ5SHB1UFNaM1FScDhmMzVmTkl5c1duX2p6VVhwOFJLWHpoaExTRlJZYW9ZZVY3WGlZSGc1UFVXZjBtQ3EwWEVxWUU2cVlHUE5kc2YyV2tscjBqczBvUVhHLVJlVW0tUQ?oc=5,2026-09-23T11:15:00+00:00,english,group_0235
444bc62d2edfd2ea3686332511aa7710,PIB via Google News,IMEI Tampering - PIB,IMEI Tampering PIB,https://news.google.com/rss/articles/CBMifkFVX3lxTE16Yl93LWdwQ2Ftc0taaW9fWGMtUElGZDV5ZEdjXzFoSGRQZ0RyNkZaTy1QWjREUEtBSVVkUWtBT3kzOVBBRm1FUkNTdFhUWlh5MHliTkhHQ3VRYTlpcG1PYjhJMFFCQjBhOGhyS1VvVUU1NGQ3T0NPTkxHUFFOUQ?oc=5,2026-09-23T04:45:00+00:00,english,group_0236
cf84d3d9ebeeb127bdc14707ea6f98da,PIB via Google News,Prime Minister celebrates World Rhino Day - PIB,Prime Minister celebrates World Rhino Day PIB,https://news.google.com/rss/articles/CBMifEFVX3lxTE14enNkNzZFODZULVEtanJqZDNxY0Q2YnBXNURuN3dDSWVYb1FGS3VFY0lRWkcyazFDZHd2bDUzaFQ1VTBzSzVnWjFsLWotdnRfVXlvSmwzWlZKUVhDSUNpdUJSc2U4bGpDSGEzZ2JvZXdQeVJmSjFlcU1aeE0?oc=5,2026-09-22T11:28:00+00:00,english,group_0237
38e62d47334cfb8d6555eafe4d5130cc,PIB via Google News,Appeal to Employees of Public Sector Banks and Regional Rural Banks for Ensuring Uninterrupted Banking Services - PIB,Appeal to Employees of Public Sector Banks and Regional Rural Banks for Ensuring Uninterrupted Banking Services PIB,https://news.google.com/rss/articles/CBMigAFBVV95cUxQY193ZTRFMnppNW1YMmVSeUFqWlFsUmhsUk95djhyWG01MnVQNmFWOFBwNGJCNHBpNV9zQ0c0VzJrZkxLNEUxU3V0N1RGMnNfZDRhMGVnUF9vMU1CV3hLdWtrejlXNGVTWVZncG5sMFR5cFkzOVZMNS1iU2VyTFFSVw?oc=5,2026-09-21T14:20:00+00:00,english,group_0238
e0c0d1e6da38312455b3e18fbabe9297,PIB via Google News,India-New Zealand FTA to Enter into Force from 20 October 2026 - PIB,India-New Zealand FTA to Enter into Force from 20 October 2026 PIB,https://news.google.com/rss/articles/CBMifkFVX3lxTFBFOEdibk1iVVlIcW9CaG5CY2ppbk9LM1hILXJWald4TE1HQmZPSnZoWWVDUW1XNFp6UDRULVlITXFpX3pRWFR5QkhxUFo5ZUhqSjA5bW1lRXdUamhCblNlQXNLT2pHN1UtcV9DRjhTR3BXajYxX2Nid19xUllzZw?oc=5,2026-09-21T13:31:00+00:00,english,group_0239
d46b63089fcd5ca230e5670630ca959c,PIB via Google News,National Film Awards - PIB,National Film Awards PIB,https://news.google.com/rss/articles/CBMifEFVX3lxTE1UN1J6d3J4cHFJRWFJZTBaaUNGMHN6dUFNdVZjTHQzRjVGMEN5YjRsMVVkZV8xMUZSeDF4MzRXaGVqOUZmOHpVNkp2UzE1aVNJeTA3TkFCanJVNnV5d1pubGhfUGJSQU1HTm5RcjZMUDVub1lSZDNoNGhfcVQ?oc=5,2026-09-20T07:24:00+00:00,english,group_0240
7466231a1cadc44c2efd39e3279cadfc,PIB via Google News,"Indian Railways Commissions KAVACH 4.0 for the First Time on South Central Railway, Marking a Major Milestone in Railway Safety - PIB","Indian Railways Commissions KAVACH 4.0 for the First Time on South Central Railway, Marking a Major Milestone in Railway Safety PIB",https://news.google.com/rss/articles/CBMifkFVX3lxTE0wT3Z0ejF2eWFYZWJTb0k1UEZGY1p6cUROMFRXYU5XcVdpOWNTOXlBMHZ6TTZxV1paU2FSTkNONnByNUZlbXJWcUNZTlBqblhmUkR4V1hZRkN4Si1OeFI3UXRSa1FMMkZNVTNHRXdISGM1STlicnhuUVlLQ01IQQ?oc=5,2026-09-23T06:48:00+00:00,english,group_0241
dd6cb877df25853560f5f5b532d39626,PIB via Google News,National Single Window System - PIB,National Single Window System PIB,https://news.google.com/rss/articles/CBMifEFVX3lxTE92MDlNWmZZcERJdHNzSlpHT05ZRDBhMmUzMXZhb2VpWmpHMDZ2eW8yLWRlQlBJekx6ZDd4VjkzcVVNUDR6dWdPa1k0OEhDcHdISXpNWDFCU2F1ZDJmb2M3cko0M0FULXlFRk44Z25ZLVFrMG5qZGRjSGlpLVQ?oc=5,2026-09-22T16:10:00+00:00,english,group_0242
7f01f8d7a49b3ba94b78dbf6fb9fe417,PIB via Google News,Indian Railways Approves ₹252 Crore for Kavach 4.0 on 607.7 Route Kilometres of Lucknow Division - PIB,Indian Railways Approves ₹252 Crore for Kavach 4.0 on 607.7 Route Kilometres of Lucknow Division PIB,https://news.google.com/rss/articles/CBMifEFVX3lxTE44MHVKOU5kc3MyNW90R0doU0YxVFN0WlUyNGtoVnJNZ2NUY1Q4VUEwU0dZYmNQRklyb0M3NzJhSGFSSUJYWEozdnNBc2N6R3VJTklDSmYtQkFlX3pqMGVaaEZNMGRveXlTYTE4SFVsVlpyR3dKVXREZkhDcVk?oc=5,2026-09-19T10:46:00+00:00,english,group_0243
b75df19960c0159d2ea48fde4855ed45,PIB via Google News,Civil Aviation Minister Ram Mohan Naidu launches Challenge Mode for Aerodrome Development - PIB,Civil Aviation Minister Ram Mohan Naidu launches Challenge Mode for Aerodrome Development PIB,https://news.google.com/rss/articles/CBMifkFVX3lxTFA0RkJpY0F2a2p1Zjd1akZXbGNHMEN6eDBIa2pmdDQwLTZsX0NST3B3UHRfX2p1WVNBR2padVRZaGlqQjZhNUZQem96QmU1YlZJNlk4LVpOUTcwM1hjOTdGN2xVY05HZHktV1NaSDVIMmFJT3hjX1pTN3VsOWxPdw?oc=5,2026-09-22T13:40:00+00:00,english,group_0244
7e8536b63b0ebe99236fe6ad24c924c3,PIB via Google News,UPI Continues to Remain Free for Peer to Peer Transactions and 96% of Merchant Transactions - PIB,UPI Continues to Remain Free for Peer to Peer Transactions and 96% of Merchant Transactions PIB,https://news.google.com/rss/articles/CBMie0FVX3lxTFBZVHN2cWp5YVpJYzNJR1o0eGlFSXRoaEczNjlGaTJHajl0UzYyQXdtS3lqcWF3dTVKRTMxUmdVR3NBX3lEcUpFWGtaVVAzWTVaRXRXcmotSUkwa2Vhdy1LS25BQ0g3MUxvVi1wQ1FlYWlYMDVOTWEwYTVsNA?oc=5,2026-09-15T07:00:00+00:00,english,group_0245
3ce8b43fa81d6143457ccef085bd9859,PIB via Google News,"TRAI releases Telecom Consumer Protection (Thirteenth Amendment) Regulations, 2026 - PIB","TRAI releases Telecom Consumer Protection (Thirteenth Amendment) Regulations, 2026 PIB",https://news.google.com/rss/articles/CBMifkFVX3lxTE5qR0NOeklmMkh1R0hvc0JKWENQWGgwRldOQ3M0ZS1iYXR6UVQzLTZRNlpYU3pSUFl4TlpRQWQzeXpFM0lXY091M3V1S0pIVVZfLVlhaWxMRExDZllfbExpdDRiSTNDQmwzVWVDNkh3UGVLVjhGYl8weU1yWjBoUQ?oc=5,2026-09-22T07:34:00+00:00,english,group_0246
fb114dac38139b27adf42cc407bd5023,PIB via Google News,Indian Railways Approves ₹209 Crore for Electronic Interlocking at 7 Stations in Solapur Division - PIB,Indian Railways Approves ₹209 Crore for Electronic Interlocking at 7 Stations in Solapur Division PIB,https://news.google.com/rss/articles/CBMifEFVX3lxTE1yUU15T21NaTNReURXWFpFQlBhazZFZG1rUGd3UE1FNU1vODVDanVXT1BxeE45WUxLcUpPUlNmakFDajhrc1dNNjVxZ1pVbUg2OW94eTBlcl9ia1IyWEcwbU1nLTBQbDFSb1JQR1J2Mzg4c1Y4OUg2ZWpTUGs?oc=5,2026-09-19T10:45:00+00:00,english,group_0247
95941e4245fb00fa5c650e04c9987185,PIB via Google News,Corporate Social Responsibility in Coal India Limited: A Journey from Community Welfare to Inclusive Growth - PIB,Corporate Social Responsibility in Coal India Limited: A Journey from Community Welfare to Inclusive Growth PIB,https://news.google.com/rss/articles/CBMifkFVX3lxTE1wUFIzQVNIdWJfSV9KRW1zVWVSQzhnS2RKdGpHLWhrb1VkbVNaNE5EOHVrRzFMNU44N05iRUdmMGlORUpHTjR3Q3Bfc213LThfS183UXVXUlVvUXVKWkVyTW1DWjd3clo2bUVWenlnbmpUSmgxei1jeGUtaDl0Zw?oc=5,2026-09-22T06:37:00+00:00,english,group_0248
69edf65d9c0641bbe68be26f1bafcb73,PIB via Google News,Union Home Minister and Minister of Cooperation Shri Amit Shah inaugurates 3rd National Conference of Anti-Narcotics Task Force (ANTF) Heads of States/UTs in New Delhi - PIB,Union Home Minister and Minister of Cooperation Shri Amit Shah inaugurates 3rd National Conference of Anti-Narcotics Task Force (ANTF) Heads of States/UTs in New Delhi PIB,https://news.google.com/rss/articles/CBMifkFVX3lxTE1jdUk5ejl2THpFaElBcE5jVlYxdWNNZEdUSmtWdWpXRDNoTUg1ejMyM21JUXVqYWN5VkZBUVluTG9MVEV4XzBUbzNRTUE0cU1TRXgtQjhhN2VfQnRRdUNTWXhQelRvaUswNFNMLVhTeFVpQmNlQnpjaG1YdWhzdw?oc=5,2026-09-22T12:24:00+00:00,english,group_0249
df59a1288745f8cc79e6d3b49c160de8,PIB via Google News,NHAI Signs MoU with SSNNL to Simplify Approval Framework for National Highway and Irrigation Infrastructure Projects in Gujarat - PIB,NHAI Signs MoU with SSNNL to Simplify Approval Framework for National Highway and Irrigation Infrastructure Projects in Gujarat PIB,https://news.google.com/rss/articles/CBMifEFVX3lxTE5jZ25ZbkRlNVNEOXROaGtlY0Zxc0xkMjhKTjJjRVIzaWVHMzhOZld1RWNvWkVQNF81bXJtODdGT2NDZ0xHemVISEI2VGdqRGVwSHRTcWRyVlY1cWx6dE5leVRtMWhvUjhDMHN0cnI1MGVJMkQtMTlOU1BISEc?oc=5,2026-09-22T11:25:00+00:00,english,group_0250
e88e2ac69be2f0386cbacc4bb4bde929,PIB via Google News,INDIA- MONGOLIA JOINT MILITARY EXERCISE NOMADIC ELEPHANT COMMENCES AT PITHORAGARH - PIB,INDIA- MONGOLIA JOINT MILITARY EXERCISE NOMADIC ELEPHANT COMMENCES AT PITHORAGARH PIB,https://news.google.com/rss/articles/CBMifEFVX3lxTFBCOXE3MVk2UTZlX2pkUDZRbFhnelZvLVdTNC01THZiUHo5OUpiX2VhTmdIeHdEM0FNbENGTVRfYXJ2SWVKN0VoRk80Y2p0dk9RR003cl9TX2xMcVV2TjJOUGNOOHVBTmVCWEJQSVdDeTJhRUc0Q1VINW05cXI?oc=5,2026-09-21T11:22:00+00:00,english,group_0251
7091e0ec459c010e76e69eca2e7d12b8,PIB via Google News,Reclaiming the Land Beneath the Waste - PIB,Reclaiming the Land Beneath the Waste PIB,https://news.google.com/rss/articles/CBMifkFVX3lxTFB4MWc4WnNPYVd6aEFhNnVES21kSV9kMFF1OVJDZnFYNlZIdnQ2LWdhOVpwSG5odE94ZUVrVk1JWU9FQWV0Z3dmOGJrYUc3U2FoSmtiODdjZjZqdHFISXhWT2RKRjRvN0xCNUdlSVlYRUl5aFlMcUMzWklDR3E0UQ?oc=5,2026-09-21T11:33:00+00:00,english,group_0252
90f134072efe127ee35047b2f5022596,PIB via Google News,PM Vishwakarma Completes Three Years: 30 Lakh Artisans Registered Under the Scheme - PIB,PM Vishwakarma Completes Three Years: 30 Lakh Artisans Registered Under the Scheme PIB,https://news.google.com/rss/articles/CBMifkFVX3lxTFBUb0JudDNINzdxQ1BXUHJDcFRIZUtIdFYtcngxRGdFbzYtOVVMWEd2QTVXLXA4TE5xRGo5ektydGU4eU1fczRneThpYkMtTHByRGNjQU5URzdrMzljbUlQRmc5VTBpLTRQb0dMTzBud3FPSEcyaUVNaFJPcXpNQQ?oc=5,2026-09-16T07:17:00+00:00,english,group_0253
0c198816f82e913f1cd3c0bdd1249dd0,PIB via Google News,"INDIAN NAVAL SHIPS SAHYADRI AND KULISH ARRIVE AT SUBIC BAY, PHILIPPINES FOR ADMM-PLUS JCA - PIB","INDIAN NAVAL SHIPS SAHYADRI AND KULISH ARRIVE AT SUBIC BAY, PHILIPPINES FOR ADMM-PLUS JCA PIB",https://news.google.com/rss/articles/CBMifEFVX3lxTFBiSHFQU1Nnek5pZHhXQm41MVVrS2g3VmZvbU96RXVTR19BaXRuX1Z2d2Znc0JnakhtYWh2U3NfQzhjaHZUT0tqU2ZCaHVFbGRJbUp6emlZc2E0Slhxclk0SDg0WVdTMlNPbzBLRk9XdlM2WFBibnNOTjFfM2o?oc=5,2026-09-21T06:07:00+00:00,english,group_0254
92811fb415c8955865b4f0e8972d711d,PIB via Google News,MoD inks Rs 586 crore contract to procure Auxiliary Power Units for T-72 & T-90 Tanks - PIB,MoD inks Rs 586 crore contract to procure Auxiliary Power Units for T-72 & T-90 Tanks PIB,https://news.google.com/rss/articles/CBMifEFVX3lxTE5mU0xsSkRyMlV6Tll6cE5EY215Q3VPdWI3bGZtVEthSXV5cEZRTG1vdmJrWlJZRnFYbnJMT1gyNzllNmdNcjUzbHlfejd1UDdiSUNUNHI0NWgtWktWX3doYjk2aklwVXJoMGN0X21VVmJXdXdkTElWdGI0TXc?oc=5,2026-09-21T10:55:00+00:00,english,group_0255
20be8c1be246a1dc87788e292994544d,PIB via Google News,“Sources and Methods for Compilation of National Accounts Statistics” - PIB,“Sources and Methods for Compilation of National Accounts Statistics” PIB,https://news.google.com/rss/articles/CBMifkFVX3lxTFB6Q2txWkl4Um9aa0hacUNIeDloaWZNWXFRTV8zMFhvOGVEYjhXRUl4R21jTnRIcUhRTHphQzdhRGpTMDNBd1pmcmlUTGxVVlpoTzJOdHRBV09hNkJnYW41TktJVUpBajhuRElGTWJ0T25MN1ZBUG1fLXVaMnU0UQ?oc=5,2026-09-21T10:57:00+00:00,english,group_0256
756bb8420c7b5157d4eb7478be953252,PIB via Google News,"Union MoS for Health and Family Welfare Smt. Anupriya Patel launches 7th National Formulary of India 2026, announces Biovigilance Programme to widen India’s patient-safety net - PIB","Union MoS for Health and Family Welfare Smt. Anupriya Patel launches 7th National Formulary of India 2026, announces Biovigilance Programme to widen India’s patient-safety net PIB",https://news.google.com/rss/articles/CBMiaEFVX3lxTFBTbUtvVmtDcnFEcXF4Sld6cHE0dTVjeWVTOG04MEh5T1pjT2VmeUNUU2dwblZVU1NNV0I3bEFFWEFLMlJCVlBOdmVsbXlWYXBUdE92c01sTFk4S1o5b29zSDlPcGZJQm9m?oc=5,2026-09-21T08:43:00+00:00,english,group_0257
7b7c683a2c115f6d2fd508bd18fba588,PIB via Google News,Union Home Minister & Minister of Cooperation Shri Amit Shah to inaugurate 3rd National Conference of Heads of ANTF of States/UTs in New Delhi on 22nd September - PIB,Union Home Minister & Minister of Cooperation Shri Amit Shah to inaugurate 3rd National Conference of Heads of ANTF of States/UTs in New Delhi on 22nd September PIB,https://news.google.com/rss/articles/CBMie0FVX3lxTE40R3pscDFDb1lCeVlmTVdpWkl4MEFPdHFfU05UVW11MGpuSDBRb1JfYlduRlpnNnB0djVJZmdWYmVBd04wRk5ZTXAtMzRYcWZIdTRTU3AyRDB0bDVDTHpuMUFPSkNPMHYyLXZ1MnRBUk9MT3d3ZW51enhHTQ?oc=5,2026-09-21T07:23:00+00:00,english,group_0258
c2b0628104cba132ca5ffc6193add06d,PIB via Google News,Unemployment Rate Reduced from 6% to 3.2% Due to Government’s Flagship Schemes: Union Minister Dr. L. Murugan - PIB,Unemployment Rate Reduced from 6% to 3.2% Due to Government’s Flagship Schemes: Union Minister Dr. L. Murugan PIB,https://news.google.com/rss/articles/CBMifEFVX3lxTFAxN2xROEhzMHZ2YmNyT2ZvZThYRjJramh2Q1NYMV81VTRRX1h2WDF2Qk1JSFlmeEcxeTlwM2hJUnhHZFZHNFlyMHBReUJ3TngzTFRYRDBHQkFtVDlfVElyYl95SEFTOWMwbFMxSE9ndGk0Um5ZM0RCbVlxVTc?oc=5,2026-09-19T14:32:00+00:00,english,group_0259
3183dbb4d465bc241a4cab154d1e5872,PIB via Google News,Union Environment Minister inaugurates WWF Global Conservation Conference at Jaipur (Rajasthan) - PIB,Union Environment Minister inaugurates WWF Global Conservation Conference at Jaipur (Rajasthan) PIB,https://news.google.com/rss/articles/CBMigAFBVV95cUxQQS1wQktjZkl5dmZSaDBBdW9xU2E5cVZ5SEVjaVgwamV0SzB3MlRiTkFfby1OaFp6VU55RkxRWDl3SFo2S3VXb21DVFpIaTNUUnEtZnFzSEJ0WWVlQzJfRTV5NTM2eFBXVXdjTGJpTjI0MGdYbkxseG9Qc2lmb28tQw?oc=5,2026-09-21T08:42:00+00:00,english,group_0260
73519ddcb9f927d7157d8f9fcb0cd3dd,PIB via Google News,INDIA - SRI LANKA ANNUAL BILATERAL MARITIME EXERCISE (SLINEX-26) - PIB,INDIA - SRI LANKA ANNUAL BILATERAL MARITIME EXERCISE (SLINEX-26) PIB,https://news.google.com/rss/articles/CBMifkFVX3lxTE1CYnZrb3NCQkMwRlhtbEFnMFNpa1N2LUdtLVRVMFZqYVBGNGw1RU5oODl3Zm5VY29QN2VMNVJqSmZlb2V0Tm9Gckk3MEpON0N1cEwxUWlHdzVjb0E2THpROTlEZVBXTy12aXVpeG00VENZaERySnZURUpIRS1YQQ?oc=5,2026-09-20T08:33:00+00:00,english,group_0261
121a22ec1f9cc724ca047abc775ce667,PIB via Google News,"The Micro, Small and Medium Enterprises Development (Amendment) Bill, 2026 passed by Parliament - PIB","The Micro, Small and Medium Enterprises Development (Amendment) Bill, 2026 passed by Parliament PIB",https://news.google.com/rss/articles/CBMie0FVX3lxTE14c1l3MHNkOXFrMDV4aV9mVktJcFFtSm5PUXdmdDZKblRWV2t0VGp3Q01wZlJiR2hUY1A2dGFrSW50Mml2ZERQbVdnSkpvU3gtdDBZd0ZRVTJOVV95RXFSRDRzY2dDV1VhMXZhN0N0UUFRcEo0S3BzWldrSQ?oc=5,2026-08-07T07:00:00+00:00,english,group_0262
25808515fc6bad2d9c05bfc79e954a56,PIB via Google News,E-Booklets - PIB,E-Booklets PIB,https://news.google.com/rss/articles/CBMiZ0FVX3lxTFByYmNKYUEtMl9FUXFFRWpYdzNwQmxYa0tLTDUyT3VhMFl4ZHRfLWh3VmJicjhVQlNNbnZDQXVSV3ZGVnpXWF9KNGZ4UENnWE1yMFZtb1BDRGZSZFA3aFRocjBkeXhrc0U?oc=5,2024-11-10T20:25:10+00:00,english,group_0263
c5b12bbcfe48ebb1274f28687f44dc6a,PIB via Google News,The Last-Mile Architects of Rural Transformation - PIB,The Last-Mile Architects of Rural Transformation PIB,https://news.google.com/rss/articles/CBMifkFVX3lxTFA2dS00Zi04NE81U1ByNE9NbTEtcmFZLVRXUnJEcURvS1VYdjFLcE9ZcWFORElOcUFXNmtxMl8wRW91RFZrNjJadEw2NVhSanYzSG1mUUhlVjFNd3EzbG1KTVNrVWlQUXR4RmFtdXVxajhzb3N4djN1NUd0MmVtQQ?oc=5,2026-09-20T04:17:00+00:00,english,group_0264
ce5b1167d1d3dcc5a21d76b71d30c04b,PIB via Google News,IAF'S JOINT AIR DEFENCE EXERCISE WITH JAPAN ‘EXERCISE VEER GUARDIAN 2026' CONCLUDES - PIB,IAF'S JOINT AIR DEFENCE EXERCISE WITH JAPAN ‘EXERCISE VEER GUARDIAN 2026' CONCLUDES PIB,https://news.google.com/rss/articles/CBMifkFVX3lxTE9QNkNuOWNiNlNteVd2Y2RGQkljM3BnSWVpa29Jd1JEMlI4VnF1cHRQSXp6Yl9hNHQxUktQYWs4VnZzRkNhX2tDNHV3bVg1Wno5U043WWVLeFRpeWVNalFkY0dRdW5MZEtwbDlsSFRCdkJrZEg1QndGUnJPRElPdw?oc=5,2026-09-22T10:40:28+00:00,english,group_0265
278cc844c2fd6b76517aafdf54964d9d,PIB via Google News,Biometric Aadhaar Authentication Mandatory for Subsidised Domestic LPG Refills from 1 October 2026 - PIB,Biometric Aadhaar Authentication Mandatory for Subsidised Domestic LPG Refills from 1 October 2026 PIB,https://news.google.com/rss/articles/CBMifEFVX3lxTE1zT19IcG52enVobGpLSXlxbHp1cmo2b2s2RlltZXNXdVJYSTVJSW4wZElwVmY4Q1VYbzNhZHk4TVplQjR3bkVuQ24tU0NsTHhYWkVYbGM3dmd5VDhZWTBEU2lhTklaR2xIcUNUblphTmhKT1dTcFFmYzVtdnU?oc=5,2026-09-19T14:12:00+00:00,english,group_0266
72a5664e8501a750d95d41eabf93326e,PIB via Google News,"INS TRISHUL MAKES PORT CALL AT ALEXANDRIA, EGYPT - PIB","INS TRISHUL MAKES PORT CALL AT ALEXANDRIA, EGYPT PIB",https://news.google.com/rss/articles/CBMifkFVX3lxTE9laUNZQ2dBUGFzbDVpQ2dOVVNRNFRLZ0hVWUF6Y042VmF1b2FiUzVibFRmQ3BzMm80X3BpNDZ3T1M4cHNTeU56cU5fc01VZHBTQkhGeDlZeE4wdkNkZUNEYjVTNzdrakcwVkI5cExiTkltd0dOREY4cDlQQ3dydw?oc=5,2026-09-19T13:10:00+00:00,english,group_0267
e22c41281b06ba7c9b1074898f10fbaa,PIB via Google News,7th High-Level Meeting of the OPEC-India Energy Dialogue - PIB,7th High-Level Meeting of the OPEC-India Energy Dialogue PIB,https://news.google.com/rss/articles/CBMifkFVX3lxTE9pU2JQWDhUckd3ODloQUdZcW5HdWU5OWZuVlBiSTdSSGh2MlduUG43QWM2UkgtZzFZV1VBT3JINGFWNEJHT2ZkMmZsa0xCcHRubUc4WWFsMHlyNkpKQ20yNmxoaFRnNVJxQk1NcGhVZXRKWG5UMDVKVlBtVUplZw?oc=5,2026-09-22T09:08:00+00:00,english,group_0268
f6f32852616193c694b64c6c1f39ff18,PIB via Google News,India’s First Soil Carbon Payments Put Farmers at the Centre of Regenerative Agriculture - PIB,India’s First Soil Carbon Payments Put Farmers at the Centre of Regenerative Agriculture PIB,https://news.google.com/rss/articles/CBMifkFVX3lxTE4tVjNPZng2UUpjT0xDZDNZaElUYW1KelhDOWpkbHZ0anc2TkNlQWtjZmZEY0tEalJoY3dDRTc2RUV3MTFiS0pIWFNwZXp4d2RPeUs3TXlSa1hRTncwMEl6cmZWOUVfTFhiZlJsak9NUVYtM3hoZHF4eVAwd2NEdw?oc=5,2026-09-17T06:39:00+00:00,english,group_0269
4977e627e0fd88d105f4097811ae59d2,PIB via Google News,Prime Minister congratulates Women’s Cricket Team on winning Gold medal at Asian Games - PIB,Prime Minister congratulates Women’s Cricket Team on winning Gold medal at Asian Games PIB,https://news.google.com/rss/articles/CBMifkFVX3lxTE9PZGtLeWVQRUJqbElKSzhFRTJLUDNNekpsUjQ4SnhEWXZYOGRlYy12ZWpZU2F4ZkJYaVdqUDlPZlpzVWNpMTlvdFdrd3Y3eG9nSGdGd2VSWEc5WVFra0RIZzk5Y1o2TWVVLVd6Wlp4VHFtb2hkeEE4c3NoUlpPUQ?oc=5,2026-09-22T08:39:00+00:00,english,group_0270
92f3726be4749aa19c142cdf2c10dcb4,PIB via Google News,"GST Reforms 2025: Relief for Common Man, Boost for Businesses - PIB","GST Reforms 2025: Relief for Common Man, Boost for Businesses PIB",https://news.google.com/rss/articles/CBMilgFBVV95cUxPTno4RDNfMnB5c1RtLW9EUDZ6NEtKdjN2eG9WeFNvdktjSFZlUXNmTm8tSUVpbGdpSU5tZm5BWFBEaGdpNW5LX3NCZnZqY2M3SDAwQ1ZtVTNGbVUtWDU1S0k2a0xPNVBaY254azhCU25vMEI3cjVMRzdtNlA5Uy0zQ184SmEyWFRKMFNtcmY1VUhjMkxjNFE?oc=5,2025-09-04T07:00:00+00:00,english,group_0271
67af3e3c956ed8a873656dba9a58bac1,PIB via Google News,BIMSTEC Energy Centre Organises Five-Day Capacity Building Programme on New & Emerging Technologies in Power Sector - PIB,BIMSTEC Energy Centre Organises Five-Day Capacity Building Programme on New & Emerging Technologies in Power Sector PIB,https://news.google.com/rss/articles/CBMifkFVX3lxTFBDeXdnQTJVRWhwcFFHM0ZVTEZQUktGTEtqRHB2WXJ5OEJyM3U4Wjk4bzdnZVZIcS00NDVkdEZjM18xdW5tTWg2b1BBb2JEM2lfckFfUWxQSk1OeWtZZHpTUUZ1VDJQVkw1T1RZZFR0N3JtR0pFeFN2X1JkLUFKZw?oc=5,2026-09-18T09:53:00+00:00,english,group_0272
2ee53ff6b2809252813cf535d6f7a6b6,PIB via Google News,Conference on “Financing India’s Journey towards Viksit Bharat” concludes in New Delhi today - PIB,Conference on “Financing India’s Journey towards Viksit Bharat” concludes in New Delhi today PIB,https://news.google.com/rss/articles/CBMifEFVX3lxTE5nV1BTVmM5dzc5aFVnOTBFUjN5ZTNLZllEOGRxR3ZGSUZ5MnFZSWcyVlJld0Q4b0NJRHJvQkRUVlN6Zk9FZkFVazdEN0xQZ0F3X01yOGlxMG5wNlpjc1pQSm15WlI4THBHMk1Jc3RLVEJzUkQ1LUd0dEU1N3Y?oc=5,2026-09-19T15:53:00+00:00,english,group_0273
9eb8d9e42ca5c7a4b465d98a0b9043b0,PIB via Google News,India Building Semiconductor Future - PIB,India Building Semiconductor Future PIB,https://news.google.com/rss/articles/CBMifkFVX3lxTFBkUTc4Q1RTQ1hEb3l5REluNklzbk1vekEwRVpMNnRuRDd2TXFvaUNLaWhDSWhsWU0yZHE1cW42VXhKXzNUeWhEVHVLV3hhQmVTN1pUeUJYeUF2ZVR5Smlfdy04bEN0NkNmbmU5RlZ5SHpqQzc3NFpJbzMxYXIwQQ?oc=5,2026-09-17T06:38:00+00:00,english,group_0274
25495df340dc5f1b5068104d953e9823,PIB via Google News,Latest FlipBooks| New India Samachar - New India Samachar,Latest FlipBooks| New India Samachar New India Samachar,https://news.google.com/rss/articles/CBMiXEFVX3lxTFBHLXZhZnUyREJ5OXozckFxRHdLR0Y2cjB4SU10aXJUZmF4Tmh4eFUtNElsUVB6V296a2JHSlpaaXR1QXhTQnlxaEFjUS1RdHVpak1zNXc0NUZ3aEFi?oc=5,2021-08-23T18:54:44+00:00,english,group_0275
3b9b72e13a9e766a0534cc769e480a23,PIB via Google News,PM-AJAY Accelerates Socio-Economic Development of Scheduled Caste Communities - PIB,PM-AJAY Accelerates Socio-Economic Development of Scheduled Caste Communities PIB,https://news.google.com/rss/articles/CBMie0FVX3lxTE5qZ2hoVnZxRUlUcmZ6Ujg5QXZCNGRvVFlrR2dJZDhFQnlLZ2tMX29KaU9EU1VtU1MzNG9rVms0eThOOGJsRnlob1d0X05vdFhRbmJ5ckUxTFZvU3F2Q0RRQmR4VXpiN2V4cTJzSGdJNFZSd2N1MGZ4a24xaw?oc=5,2026-09-19T15:44:00+00:00,english,group_0276
f46efa90c13b7827e6364d406a5b314e,PIB via Google News,English Press Releases - PIB Archives,English Press Releases PIB Archives,https://news.google.com/rss/articles/CBMiXkFVX3lxTE5POTJfUDJMX0liVHdIdFlXbTFSd2Rha0Y5eWpHQWRiWGpkUDN2aFdPZjBXdjJFbnhqYmVmWWpuNjJqNzdOOUdPZGM4ZUxQUlN1d0RtY2VuUmgtUXdYS1E?oc=5,2020-10-08T16:29:04+00:00,english,group_0277
3a156048528eaaffac884202f6b46f9b,PIB via Google News,From Adversity to Entrepreneurial Success - PIB,From Adversity to Entrepreneurial Success PIB,https://news.google.com/rss/articles/CBMifEFVX3lxTE1ndnNUeFFOaGl6LU1zbXQ3QXYyQW94SW5naDJQV2N6VTlNN0w3LUVMekdHQ1ZHWEU0ZTNfMGxtWHIwQmxvU29wX2lLUlhJLUM1Q3FFTTVxYkNnckVtSDU1Q3g4d2xobTJ2a292VFY3RzY0eVFHNjFLTFdkbXA?oc=5,2026-09-19T12:05:00+00:00,english,group_0278
923e100f82c9a4a9386dd718a5990fc3,PIB via Google News,Actor Anant Nag to be honoured with Dadasaheb Phalke Award for the year 2024 for his contribution to Indian Cinema and an illustrious cinematic journey - PIB,Actor Anant Nag to be honoured with Dadasaheb Phalke Award for the year 2024 for his contribution to Indian Cinema and an illustrious cinematic journey PIB,https://news.google.com/rss/articles/CBMifEFVX3lxTFBlc29ja21XaTNLcTZhTzJCcTN0YzlFTV9CcV81OGNXMVI1MGI2QjRUMlh4UDFsMWFPNzYzQU1JQjRXMTFVNmcyS1ltdXpYWGR5TUlmdjVMRzVYNERXTG8ybldfYnJUS2JGX25BMnFvUlNPUm56ZUU1SUhtVXk?oc=5,2026-09-16T12:48:00+00:00,english,group_0279
cfb107e760bd4e5d34b79e6ccab2abc0,PIB via Google News,"Cabinet approves enhancement of EPFO wage ceiling from Rs.15,000 to Rs.25,000 per month - PIB","Cabinet approves enhancement of EPFO wage ceiling from Rs.15,000 to Rs.25,000 per month PIB",https://news.google.com/rss/articles/CBMie0FVX3lxTFA5TEVXNDNKODV2dzBJUWhubVVLSDFLQTZQZ3MwNXctZFVVSFZSazNLbm50al9UbTk0RGJVaEYtYXB1aXh1NC1aTjdZQTNzRTYxYzZRMU0wQVlVNWpWQlNCaFZQclg4Zng1NTFkQXE5bDJZM25qa1FwNXBxVQ?oc=5,2026-09-16T09:37:00+00:00,english,group_0280
ac5b0a14245c29cbd5bedcb74c58e878,PIB via Google News,Progress of Ministry of Civil Aviation under Special Campaign 5.0 - PIB,Progress of Ministry of Civil Aviation under Special Campaign 5.0 PIB,https://news.google.com/rss/articles/CBMifkFVX3lxTE92WHdIUFJsQTkxcG5qM2s4LWQxckJndklyU0FhdHBFT1d2NnUtYlYtaXlvN1hHN3NlZjhCa3pqSkdzVFpDX2QzYjFVeFk1dUdyeW8wU18zSDJnU1haNmFtUVJmWmlVUmZ1SVplVXdwaTl3azdiRUdJOTZfcmI4dw?oc=5,2026-09-16T16:28:00+00:00,english,group_0281
be9488a23de18ba4d700fa732a9b6030,PIB via Google News,PM to inaugurate SEMICON India 2026 on 17 September in New Delhi - PIB,PM to inaugurate SEMICON India 2026 on 17 September in New Delhi PIB,https://news.google.com/rss/articles/CBMifkFVX3lxTFBHYVJVU09hTUxfOUE1NENDWnJaSW5kb0tzdXdPNE5wM3NKemhfUjFGQ0xXbGdGOUFPWFQ2ckFhc2FnQU1zSjRHYUNRYjhtcGUzY0RmM3JhODM4aTFXZTdhbi1fOHlFN3ZjSmNwbzJtdjFScmZfbTI4TkdQdXktZw?oc=5,2026-09-16T06:17:00+00:00,english,group_0282
83fdb1211c0de3c864038a627d5f66ba,PIB via Google News,CCPA Imposed ₹10 Lakh Penalty on Rapido for Misleading Tipping Prompts and Dark Patterns - PIB,CCPA Imposed ₹10 Lakh Penalty on Rapido for Misleading Tipping Prompts and Dark Patterns PIB,https://news.google.com/rss/articles/CBMiaEFVX3lxTE5tQk1sb1NpdVZXSHY5bU5wQnBsYXJ4TUF1bG9QWUI5bTlPenpYQWxiLW54Y1hGSmV3anB3NldZc0QtT3luQWowT1ZaMGpVY2QwNFhISC1DWjkxODduVUkwQ1d0TGVuNEd5?oc=5,2026-09-15T07:00:00+00:00,english,group_0283
a0433857c7f679c143a18d028f0a14c5,PIB via Google News,Press Note on Periodic Labour Force Survey (PLFS) Monthly Bulletin August 2026 - PIB,Press Note on Periodic Labour Force Survey (PLFS) Monthly Bulletin August 2026 PIB,https://news.google.com/rss/articles/CBMifEFVX3lxTE5BSW1NbjhyX3U5SFpxdGp5a1piOWlzZG53RmE0eDNUREFmc2EzQ1Z3LUwxNHY0NVFWUmROZ2NlQUZwdHFmLVRYRjRrV1FpcjNnb1VBNnZrbHduS2dLTDlfMGpmSV9MX2haNUZmMHgtU1FCdG1ZSjBpMWwwSkE?oc=5,2026-09-20T16:28:00+00:00,english,group_0284
b8db78107ae20566b916bb546da47134,PIB via Google News,India and MERCOSUR Sign First Additional Protocol to Facilitate Electronic Certificates of Origin - PIB,India and MERCOSUR Sign First Additional Protocol to Facilitate Electronic Certificates of Origin PIB,https://news.google.com/rss/articles/CBMifEFVX3lxTFBOb0NZdjJ2X2c5Sl9TV2pFamZzMzd2QnY3T2lPY1VXUTk5Y3pjWWhFTlFocThsRkhDZGpVRU01THprdlZ4UE4zaUE2QUJjb3d6bXhaZm5nd1NSVDBHQmFNXzFyZGlxNkk3ZmxVZFZfcEM1amp4NnJwR3RKVWc?oc=5,2026-09-14T07:00:00+00:00,english,group_0285
c2748ccc00eb0e969c9c94a74bf39084,PIB via Google News,"PRESIDENT OF INDIA LAUNCHES BRAHMA KUMARIS’ CAMPAIGN ‘SPIRITUAL AWAKENING FOR WORLD RENEWAL’ AND INAUGURATES ‘GLOBAL SPIRITUAL PALACE’ RETREAT CENTRE AT VADODARA, GUJARAT - PIB","PRESIDENT OF INDIA LAUNCHES BRAHMA KUMARIS’ CAMPAIGN ‘SPIRITUAL AWAKENING FOR WORLD RENEWAL’ AND INAUGURATES ‘GLOBAL SPIRITUAL PALACE’ RETREAT CENTRE AT VADODARA, GUJARAT PIB",https://news.google.com/rss/articles/CBMiakFVX3lxTE5QUXhKbTNpa2VjR0dfaWJha1BKZnh5cVJLWWJKSHZWSXRlNVZZSDFXekZTdjRxTjBPbGZMSUp4UEFwa2VRTTE0TUZRVjNwZG9lTW1ybzZOZFJQcXpMZ0Z1eTNvWGl2RWFlOWc?oc=5,2026-09-23T16:45:00+00:00,english,group_0286
f8b8683f22c9669e1419be5a53f5d135,PIB via Google News,RARI Patna Organises Mini Expo on Traditional Foods and Millets to Mark 11th Ayurveda Day - PIB,RARI Patna Organises Mini Expo on Traditional Foods and Millets to Mark 11th Ayurveda Day PIB,https://news.google.com/rss/articles/CBMia0FVX3lxTE9IcXdLNklIRXhKbS1OZ1h6Sjg2V1hFZlFWUmI3LWxjRlRTaEVUMTM1LWJrZjNTVHJ5OTJycVpRN0Y5bzBZb1ZMSUJqWFhnVGtiaFZCYUJBeHFrN0pPT2RlVWdTOWZLam12NUxz?oc=5,2026-09-23T11:35:00+00:00,english,group_0287
e2726ac132aebab214ebb97e3b184636,PIB via Google News,"58,000+ Divyangjan & Senior Citizens Benefit from Nationwide Samajik Adhikarita Camps - PIB","58,000+ Divyangjan & Senior Citizens Benefit from Nationwide Samajik Adhikarita Camps PIB",https://news.google.com/rss/articles/CBMia0FVX3lxTE9EYWhXNDVFSG1VQVZMekhSUkRNMUQ2VUxLWVJpWnYyOHB4c1dRSXZUcjMyUDVaMU1EbHRvMTdHVHNLU3FuZ0lpeTNUa0VLOEstVjlYRVpkZ2xGVjFpbUlEd2RSRTFQcXdiRDhj?oc=5,2026-09-17T11:34:00+00:00,english,group_0288
503529b2a4fa151b72fc1b9804ad9bf0,PIB via Google News,11th Ayurveda Day Celebrated Across India and the World; Grand National Celebration Held in Nagpur - PIB,11th Ayurveda Day Celebrated Across India and the World; Grand National Celebration Held in Nagpur PIB,https://news.google.com/rss/articles/CBMia0FVX3lxTE43cFl4aTB0ZHAzZEp6eGNFTk5pTVlPUm5wa25mNXgydmU2eDhsenpGRVpTVTFXU1Q0d3dKRWpiUU5hTDU5OW03aUF3QU02dnpTS3dDYW04YmMzV1lkQ2NmQlMzdVR4cUJLS0dN?oc=5,2026-09-23T10:18:00+00:00,english,group_0289
9a6417c29b77fcce8e0b798fe852e2e6,PIB via Google News,Ministry of Culture Makes Significant Progress in Disposal of Pending Matters and Promotes Swachhata Initiatives under Special Campaign for Disposal of Pending Matters (SCDPM) - PIB,Ministry of Culture Makes Significant Progress in Disposal of Pending Matters and Promotes Swachhata Initiatives under Special Campaign for Disposal of Pending Matters (SCDPM) PIB,https://news.google.com/rss/articles/CBMia0FVX3lxTFBrcWlqX1hIMTBNVkZ5MUVtZGdxc1pTVkxJVGNXcVB4NVA0cFU1d19ra1F5RTI4WnRnMmIxQzJPdklzdExJUDBYR29MTkVhTmFIYmE5ekRIRlNYb3FzQU1YQ1FUX204UjNnVUkw?oc=5,2026-09-17T07:10:00+00:00,english,group_0290
3e5ce7ac1ce345ffb7bcb1bec40fd147,PIB via Google News,Nation gears up for Swachhata Hi Seva 2026 - PIB,Nation gears up for Swachhata Hi Seva 2026 PIB,https://news.google.com/rss/articles/CBMigAFBVV95cUxQNkc1MU0xRjRLai1XZjBoZk00cjVwODZkZlMzU3FxNzJtUE9WSktrVERHandHWXA4THNEb0QyaFhkRURrcUlmQ0loSlJZc19ldERMMVliaHhaOFQxWnhYdm5xWV9QLWxwVTRPckMyMVNfalVhaEZVTC1VTngwVWhMNw?oc=5,2026-09-16T16:27:00+00:00,english,group_0291
1ed7e4b3b2924c7993074cea16b7fbae,PIB via Google News,"Prime Minister congratulates shooters Sonam Uttam Maskar, Elavenil Valarivan and Vidarsa K Vinod on winning Silver Medal at the Asian Games - PIB","Prime Minister congratulates shooters Sonam Uttam Maskar, Elavenil Valarivan and Vidarsa K Vinod on winning Silver Medal at the Asian Games PIB",https://news.google.com/rss/articles/CBMiY0FVX3lxTFBXaFVjb3pBVGVwV2lkM1pHNDhrQzJCTE5pcUk4UEJjQmE5OGpaRDZzTXdfUV9SY2VrbEZzSnlLYXlRcmVhZFNUeDR6QS1PWUxUMWhXVHJGVHE2ZFJIZ09kbi15WQ?oc=5,2026-09-20T11:36:00+00:00,english,group_0292
a3972d4f6ed83785c7ddad65016eba85,PIB via Google News,"AIIA Celebrates 11th Ayurveda Day–2026 with Public Awareness Rally, Seminar and Book Launches - PIB","AIIA Celebrates 11th Ayurveda Day–2026 with Public Awareness Rally, Seminar and Book Launches PIB",https://news.google.com/rss/articles/CBMia0FVX3lxTE1ZS3k3OUZpVzRacFR5bkRKcHFncnFxQjl5Q3hpRFhmdG5OOEFFZGxERnIwZTVQY3JRTFg1LUFtaTd0YWo1VWt0aHlaUUQyYVVpLXV6M3c4YTVSaE9WbzNLV014bUpkMWIyVWp3?oc=5,2026-09-23T15:52:00+00:00,english,group_0293
ef49b74602260847f553079d9e6c5b6f,PIB via Google News,Union MoS Raksha Khadse reviews sports development in West Bengal; assures SAI support to strengthen grassroots sports and athlete pathways - PIB,Union MoS Raksha Khadse reviews sports development in West Bengal; assures SAI support to strengthen grassroots sports and athlete pathways PIB,https://news.google.com/rss/articles/CBMia0FVX3lxTE92blByaWttT1RvVDJmQmU2b25tLTRrYXlIdU4wanVKWHVDSmRYOHUwOE5wdHJMNW96N25kb1JRcnJJN0s0dWtlUVpGVFgtZlhvVUh6YWNuRXZ6a1d5aHRBY0xDcFRLZDYtSmRR?oc=5,2026-09-17T13:49:00+00:00,english,group_0294
85f8c327bfd58cbb7e2a8694c403c06b,PIB via Google News,Pradhan Mantri Khanij Kshetra Kalyan Yojana (PMKKKY) - PIB,Pradhan Mantri Khanij Kshetra Kalyan Yojana (PMKKKY) PIB,https://news.google.com/rss/articles/CBMickFVX3lxTE5YQ3VnT0NGclUwUDdWZndCMWRDWmhvendJQWM4cUx0RFQ2QzU4aHVDNUxYVjNULWpubmFZalJTR1VHQ3k4TjZfWU9XQmNFUDdlTVpRVHBuWC1lNzhCTnFjUm4zNjBHalN3emFxZmVoV1Jwdw?oc=5,2026-09-21T13:58:00+00:00,hinglish,group_0295
d8a8516054d2bad7c29ab1af4df04e08,PIB via Google News,Kerala’s EcoSense Scholarships: Empowering 46000 Students to Champion Waste Management - PIB,Kerala’s EcoSense Scholarships: Empowering 46000 Students to Champion Waste Management PIB,https://news.google.com/rss/articles/CBMifkFVX3lxTE5CT3doXzNuYXZNbzJBVDlxbzhqdWFsQjgyOEhHSFJGWEtwTDAtd2dCLTZ6OERKdFh5XzZxLVRlSWgwUVdhNVQ1ekVDMDZ3QXhrLWRBU2ZQclJGMFB4OFNJMUgyVWVLaENLeWx5YVdfYkUtM1BzVW9VaHdIS2xYQQ?oc=5,2026-09-14T07:00:00+00:00,english,group_0296
b756bb55508f001a3a5d8432346f19d4,PIB via Google News,"11th Ayurveda Day Celebrated at National Institute of Ayurveda, Jaipur - PIB","11th Ayurveda Day Celebrated at National Institute of Ayurveda, Jaipur PIB",https://news.google.com/rss/articles/CBMifkFVX3lxTE1MUkN4bTFRVHJWSmJ0bDNfckpvb1AwQWVVNWdmSHp1NWFSdzF3aXR3eTJMaDUzTF9uQzNka1pZMjUwRjljNi1VQXVNWWZESGZJYWZDamZRamVjbF9OdXFZTDB2OEpDRkplX1ZVWE8xNkQ4dUxXWGUzLVJCbjFjUQ?oc=5,2026-09-23T11:35:00+00:00,english,group_0297
55291a3ecb27384721f784f25fe66473,PIB via Google News,7th Global Fintech Fest 2026 - PIB,7th Global Fintech Fest 2026 PIB,https://news.google.com/rss/articles/CBMickFVX3lxTE9XRWphd096U3o3am9hcFpEbW1HMjIzUmhLcVZ5ZFZwaDE1ZFZMc3FyN0FfSW81MjFoVXkxRW1ONFM0VzBycExIUHpYQXBTRmMxWE1SQ2xEVHl5eExLMFpEUDJDVU1FcDk1Mi1La0ZncTRZQQ?oc=5,2026-09-08T07:00:00+00:00,english,group_0298
8b7882c9a20ef737ee37eb235a206ea5,PIB via Google News,Vice-President C. P. Radhakrishnan inaugurates 9th India International Water Week 2026 at Bharat Mandapam - PIB,Vice-President C. P. Radhakrishnan inaugurates 9th India International Water Week 2026 at Bharat Mandapam PIB,https://news.google.com/rss/articles/CBMifkFVX3lxTE9NcTVTMktMb1pFY05kRzFUaWtQRUozTGRoeFd5NFNYLWdYWkdMQ0ZxQkg0ZDhBZHBmcjk1a0dtNUsySXpXZWktMmN3T2ktci1BZjQ0TGJkUTR6VGRXVEJPeDJtYnhPRnVLRmx4NjMxRWt6c09MTVFhcTd3LVdJQQ?oc=5,2026-09-22T09:10:00+00:00,english,group_0299
f98d65bd74f7f314c61053f6df20875a,PIB via Google News,From Financial Hardship to Academic Achievement: Dr. Anik Saha's Journey - PIB,From Financial Hardship to Academic Achievement: Dr. Anik Saha's Journey PIB,https://news.google.com/rss/articles/CBMigAFBVV95cUxOTE00TnVfT1NXY0wzOG5NU1E5OW1sWEFDdS1ZTDBJM3RFY2xveTJFakdDTl85cHlUQUFQUnpxd1J3ZGM1Nl9ZMzlfaEpIcDBOQkRsUmpZSXIwZ0dSZXpURmYtLTE4dHRRNnBULUtXM0hMLWs0dXN4LXNhV0NISGU0dg?oc=5,2026-09-21T10:26:00+00:00,english,group_0300
faaff857c3fd6810af591b6b22536866,PIB via Google News,CAT Jammu Bench’s Disposal of Service Cases Among the Highest in the Country: Dr. Jitendra Singh - PIB,CAT Jammu Bench’s Disposal of Service Cases Among the Highest in the Country: Dr. Jitendra Singh PIB,https://news.google.com/rss/articles/CBMia0FVX3lxTFBDQk5rcHAzVWIxQWtsQ3BUYzFpaGx6UldCRjhIYkhmRGpaVkFGVk93NnNpYzJzbkRNaXlfM3czZkkzME5EQ05ZOW0xc285M2lXWFhocElsdUtIcV9qeUN0Sk40LXVVME1vMWhN?oc=5,2026-09-20T11:19:00+00:00,english,group_0301
5170948cd15a6ae2330bf2f39230ced7,PIB via Google News,"CCI approves acquisition of certain equity share capital of Great White Global Pvt Ltd by ISAF III Onshore Fund, India Special Assets Fund III, Special Situation India Fund, others and related transactions - PIB","CCI approves acquisition of certain equity share capital of Great White Global Pvt Ltd by ISAF III Onshore Fund, India Special Assets Fund III, Special Situation India Fund, others and related transactions PIB",https://news.google.com/rss/articles/CBMia0FVX3lxTE9lX2hHWE0yNWZ2ak1KWE9reWFiZC14YnA5LTNRN19jcEwtVVdOUDlwQV9FUXlWWXlMek5aQUh4SnJyd015MmxHcXNHQ1NXX2JlTXpFZXNaQjRqU29hd2FMeURZbmMzbEVLUjZR?oc=5,2026-09-17T15:51:00+00:00,english,group_0302
2f9edd04b211f188888e5ac60ef22e1c,PIB via Google News,Prime Minister shares an article by Union Minister Shri Bhupender Yadav highlighting efforts strengthening the conservation journey of the Greater One-Horned Rhinoceros - PIB,Prime Minister shares an article by Union Minister Shri Bhupender Yadav highlighting efforts strengthening the conservation journey of the Greater One-Horned Rhinoceros PIB,https://news.google.com/rss/articles/CBMiakFVX3lxTE1SbTEtNnlkbTYya2otM1N0dl9RekQtSzZCZGVMeTZ0VWFrUFB4VGRsNm1CcVZTZklPcWVhZG9vLTZzei1jTXcwaUdrNkhHdURHZFZqb2lkdG1NMWR2TVRPZ2pGM3ZpMjg5NlE?oc=5,2026-09-23T08:55:00+00:00,english,group_0303
a07371495dc78804af7db314d44af8db,PIB via Google News,Press Note on Domestic Tourism Expenditure Survey July 2025 to June 2026 - PIB,Press Note on Domestic Tourism Expenditure Survey July 2025 to June 2026 PIB,https://news.google.com/rss/articles/CBMifkFVX3lxTE1GcFRTX3EtaUZTUVMzTEluUEVEVjB2bEp6V1E4REFuQ2xBNmJ5SU84LWhCZ3lJemFhcUdjRFdPWllWbnlpSUJDREs0Nzc4bURzR2Y1aHNXUGd6SWZuWm5fRUNmd0QwVm02MU9oOW9tZ0VJelREU1VuN2FCNDA2Zw?oc=5,2026-09-23T10:30:00+00:00,english,group_0304
4d3157ba51a2450eb93112a6e206c9b5,PIB via Google News,INDIA–SRI LANKA BILATERAL MARITIME EXERCISE SLINEX-26 CONCLUDED AT VISAKHAPATNAM - PIB,INDIA–SRI LANKA BILATERAL MARITIME EXERCISE SLINEX-26 CONCLUDED AT VISAKHAPATNAM PIB,https://news.google.com/rss/articles/CBMifkFVX3lxTE8yNTVZVlk3MVBvMHFBMFhuQXBWLXpZV3dKZ1FxbzVMejNEZkVwSTZLNnk0M0hyQ1JzSmhLQXY3dThPNHJMVHVNVm1mb3pNM3o1YkR2bkZRSWhMakFSQ0FEQUJCWDJHOUVsd0lqMzhKYjlRN3E5TTFhMVp5Z2R2QQ?oc=5,2026-09-23T11:00:00+00:00,english,group_0305
09671b3635b925d59d4e840b1fa181ca,PIB via Google News,CCI approves acquisition of certain additional equity share capital of IIFL Capital Services Ltd by FIH Mauritius Investments Ltd. - PIB,CCI approves acquisition of certain additional equity share capital of IIFL Capital Services Ltd by FIH Mauritius Investments Ltd. PIB,https://news.google.com/rss/articles/CBMifkFVX3lxTE1IV1BHV296SjlITXMwbzI0NnBLQjJUcFlrQjFNclRBbDBEZUlvUEZWd1h6dVJ2aXliZ0ExRmJKVFNYbXFUVkFvWGE0bTJER202ajBmeUdPclFDYVMySnVjUXhwM013aUlYdHJPaEszbHhDb09fYkQ5bHk3RW1Kdw?oc=5,2026-09-23T15:18:00+00:00,english,group_0306
d3881455715d1546a8c30bc9cf1d8873,PIB via Google News,"Department of Posts to Undertake Special Campaign 6 to Focus on Institutionalising Swachhata, Minimising Pendency and Scientific Disposal of E-waste - PIB","Department of Posts to Undertake Special Campaign 6 to Focus on Institutionalising Swachhata, Minimising Pendency and Scientific Disposal of E-waste PIB",https://news.google.com/rss/articles/CBMia0FVX3lxTE0xemhBOXN4aVN6SjI4aXBoYVpEVk5FYW1udlFrZzFiVTlwcFhmSDFUVG5EVkUwb0Q0bm9hb1JrR3BtME1aTm5EZVY0QllnVXprTG45b3lPTWFSYngtQ1p6NGtSZzhJUl9ycXZN?oc=5,2026-09-17T15:06:00+00:00,english,group_0307
04d8a5873b3d0942fab6ec31c6aca70b,PIB via Google News,Lieutenant Governor of Andaman and Nicobar Islands meets Prime Minister - PIB,Lieutenant Governor of Andaman and Nicobar Islands meets Prime Minister PIB,https://news.google.com/rss/articles/CBMifkFVX3lxTFAwVVJPQk1GeVN4U1VUQk9ib0pISmdla3pBanBlc3hGaEt0VU1JZzlzQ1R0NFBxWVIwaXlqSzk2NVJfR0JRaUZfS0YwWi1oUTFmdnJpMUJNSnVmNEd3M29TSTdpZ3RzZ1drNzhBS29lTGtPdElqYTJ3Tmp3cXBlUQ?oc=5,2026-09-22T08:58:00+00:00,english,group_0308
09ddbbb898165b6451bdc06acac15bc3,PIB via Google News,Seva Sankalp Abhiyan Reflects Spirit of Citizen-Centric Governance and Nation-Building: Union Minister Shri Nitin Gadkari - PIB,Seva Sankalp Abhiyan Reflects Spirit of Citizen-Centric Governance and Nation-Building: Union Minister Shri Nitin Gadkari PIB,https://news.google.com/rss/articles/CBMia0FVX3lxTE1uV0E5UVZOd3AwbG9mVzJDX2RfQ1otckFjRzNpdy1NS3dRR3d0bTJkVTBPeVJhbkZMM1VxU1NwaWFxX1BLc0pSZTFzNER6RlRFa3FoYll0SldYWlE4a1MxRDlMbC1Da1ViX0k0?oc=5,2026-09-17T16:01:00+00:00,english,group_0309
354787884130cbb2c633a51e5641f1fc,PIB via Google News,"‘Bharat Taxi’ service launched in Uttar Pradesh; service also rolled out in Gorakhpur, Varanasi, Kanpur and Prayagraj along with Lucknow - PIB","‘Bharat Taxi’ service launched in Uttar Pradesh; service also rolled out in Gorakhpur, Varanasi, Kanpur and Prayagraj along with Lucknow PIB",https://news.google.com/rss/articles/CBMia0FVX3lxTE1Xd3RRVVIwaGxab3hLb1pkeWFROXNFTk01RUZaSUxhakhWLUhjRXRCbmFZLWszWmNCVHItUzJqbTVZaXYzd1hhbzRKYlNJTWdQeU1xN1oyZkRDUFFWSFZYQjFNYnpFRURpLUN3?oc=5,2026-09-23T13:01:00+00:00,english,group_0310
fc60cc8e9b95a6f8f8e0f0ef03b9c6fb,PIB via Google News,Prime Minister Shri Narendra Modi inaugurates SEMICON India 2026 - PIB,Prime Minister Shri Narendra Modi inaugurates SEMICON India 2026 PIB,https://news.google.com/rss/articles/CBMia0FVX3lxTE9Yb2h5NzZyVXFVZ2FnRnhTX29meS1zMGl0UzVTLVRjaXVmUVl6eGZyQnZwMFZmQ09yTWZtVXd4UlE5bzVKenBNMGZRa2lYdGpNYzJQTmJ5cl9OUW1yNTBReEExalktZVFfTUk0?oc=5,2026-09-17T08:34:00+00:00,english,group_0311
815ba3cf02a1edd5544e964b2ab942d1,PIB via Google News,PRESIDENT OF INDIA GRACES THE 75TH ANNUAL CONVOCATION CEREMONY OF MAHARAJA SAYAJIRAO UNIVERSITY OF BARODA - PIB,PRESIDENT OF INDIA GRACES THE 75TH ANNUAL CONVOCATION CEREMONY OF MAHARAJA SAYAJIRAO UNIVERSITY OF BARODA PIB,https://news.google.com/rss/articles/CBMifkFVX3lxTE1ldFZfaHBtSmdNdm12ZkdBY0YzVmdrb0FnNGdfaVVJZ1FGb3FON1d2aEFxcnRpWl9oWF9WTm1weWNMbDNYekZFRXlfRzdTS2VhZWJwX3VBUy05LTl0QXk3LVBWaDFMR3lKc1lwZVlPZ3N6QTJFYlhMZEtpSGJWUQ?oc=5,2026-09-23T11:09:00+00:00,english,group_0312
e520b8a42412c42b74f8b64b80620c7f,PIB via Google News,"VNIT Nagpur Celebrates 24th Convocation with Focus on Innovation, Research and Nation-Building - PIB","VNIT Nagpur Celebrates 24th Convocation with Focus on Innovation, Research and Nation-Building PIB",https://news.google.com/rss/articles/CBMia0FVX3lxTE5RUE1CQmlQbWtKbWFweERfSGN6RnNFOGFPOUNtUXZZR1F5UWVtaVhkWkJQVDBUMUZ1QTNIRFNocVJzY2RiZXc5bzRDSkczOW9RZk1BWXRENzE0UWRlSUo1SEotMEE2QXlMX093?oc=5,2026-09-15T13:27:00+00:00,english,group_0313
7f0262db18cb46c39d46681a1a07fc2c,PIB via Google News,Kanda Express carrying onions from Government buffer stock to reach Kolkata on 24 September - PIB,Kanda Express carrying onions from Government buffer stock to reach Kolkata on 24 September PIB,https://news.google.com/rss/articles/CBMia0FVX3lxTE95dHc3MTUyRGtOQXJ3ckwtbEREOHk5UHpxVGtWYV81OWVGNjY0T0xMem1UNkNwS1N6NlRLTWE1YTFJMGU2dENQM1I3eG42ckV0RHFDT2pFWWhCVXEwbDVqSC1rN3I2N2ZJUm1R?oc=5,2026-09-23T10:59:00+00:00,english,group_0314
669a2df2904f0a3d5e4ee1cb968647ef,PIB via Google News,Incentive Scheme for Promotion of Domestic PNG Connections - PIB,Incentive Scheme for Promotion of Domestic PNG Connections PIB,https://news.google.com/rss/articles/CBMickFVX3lxTE1QcTJXdGxkVVAzUVZyWWNPR2F6UkpFc2huTUhTSG51elhwOGlIYzQ3NVZRNXk3dk9PaHdndk9UUjdHZ3lMY3k2N185Tmt1ZEo4SFFUNjFRZW80NFRteHVzcDg5ak5sYU9hMGF4cEpaWDFlQQ?oc=5,2026-09-13T07:00:00+00:00,english,group_0315
52036a83f735b8a8e7c5f665a11352f0,PIB via Google News,"Prime Minister shares Sanskrit Subhashitam emphasizing on virtues of dharma, knowledge and non-violence - PIB","Prime Minister shares Sanskrit Subhashitam emphasizing on virtues of dharma, knowledge and non-violence PIB",https://news.google.com/rss/articles/CBMiaEFVX3lxTE0wbTlrYmRUc0dYUHBWN3dmcm14LWdRMzZEaXF2ZlZfNU55QWdPeUNUZ0pkc081dnJzV0xmUmtlMHg0Wi0ySjVHWGRJajNXcWdlaUlEaWRQVzMzREJrUVY4NlVyUUxZSU1W?oc=5,2026-09-21T06:01:00+00:00,english,group_0316
490534b2e7dfa999a570f92c61a2cfdd,PIB via Google News,DRI seizes around 21 kg foreign-origin gold worth Rs. 32 crore in crackdown on gold smuggling - PIB,DRI seizes around 21 kg foreign-origin gold worth Rs. 32 crore in crackdown on gold smuggling PIB,https://news.google.com/rss/articles/CBMia0FVX3lxTE9rLTFNODM1b0s5ekZjSjNjN25MNDBuUzZKWjJObGxDNklDY0lUQzljWHl5OUVWMjlMeGxwcVFiNVlhNFNlRFFzeGRJY0tYSlFFV1QteVU2dnFDVFRISndoNUNDNzhGMXBLb1Vn?oc=5,2026-09-23T15:43:00+00:00,english,group_0317
03c57ea7f4a583bd3e74d1a28bbdf7cc,PIB via Google News,From Financial Barriers to Academic Progress: Samir Makhal's Journey with NFSC - PIB,From Financial Barriers to Academic Progress: Samir Makhal's Journey with NFSC PIB,https://news.google.com/rss/articles/CBMia0FVX3lxTE91S3hyaGc0VGp3M2RZMXVBMEk1NWc0N0EtQThwaVRtWnRyTWFzR0otUzNJVXY4RTdKOWFiMDVOY1pnU21MLWt0OWIzUnZ4OTk0dUY3Z3RqUmVvVWJDUlhqUlJYZmhEcmkweDM0?oc=5,2026-09-17T10:33:00+00:00,english,group_0318
c9acefc87b4bcedd033b840756a8148c,PIB via Google News,"ELDERLINE 14567 Provides Information, Guidance and Support to Senior Citizens Across India; Launched On 1st October 2021 - PIB","ELDERLINE 14567 Provides Information, Guidance and Support to Senior Citizens Across India; Launched On 1st October 2021 PIB",https://news.google.com/rss/articles/CBMia0FVX3lxTE9pZWN4UlpVY1p6SUJBM3lFWjQwOE9ldnM0cGhnNy1ZdTNrN01aNHhKNmdxVG5mcC1FYnJGNVNlQVBfZ1FmN0kzejRCQUVabE5OdTJ0WUgwN1AwWFZSUUk2M1RqMGZJN0k4T0RB?oc=5,2026-09-23T15:06:00+00:00,english,group_0319
66ec843e4042e44b0f74c6fe2fadc650,PIB via Google News,A New Start Through Recovery and Family Support - PIB,A New Start Through Recovery and Family Support PIB,https://news.google.com/rss/articles/CBMiakFVX3lxTE5lVWhkMFVZYVVlUG56YmxZb0ZRdm83UmJlTXhmLXc5ZTdqZkROTzNLSUtSei1wODJ5dC1Xdkg3XzdjeFAxU3Y1bUg0T3hHLVVyS05ibHZQay11NnJBT0NqYy1NMjg4azlyY2c?oc=5,2026-09-23T12:11:00+00:00,english,group_0320
5a78beb6c31550443f79f9cc9dc2eb0f,PIB via Google News,"Bihar’s Heritage, Folk Traditions and Spiritual Legacy Reflects in 65 PM Mementos - PIB","Bihar’s Heritage, Folk Traditions and Spiritual Legacy Reflects in 65 PM Mementos PIB",https://news.google.com/rss/articles/CBMiakFVX3lxTE93Rnh4M1RDUjhMY2g1YUNUeTZnTHgydWVEX2t1ZEZxVlhSa2hRQlE5ZWZjMlhJLVBmbzhGZVVwV2ZXMFZrYWMyTnRhSjh2S2tpVVFELUl2TktfVDd4bEdFOEJjRWlqSHpreEE?oc=5,2026-09-23T14:17:00+00:00,english,group_0321
4f526bbb170e7d801d12f492b139c1f4,PIB via Google News,UPI: Transforming India's Payment Landscape - PIB,UPI: Transforming India's Payment Landscape PIB,https://news.google.com/rss/articles/CBMic0FVX3lxTFBnWnpPVTloUXhPWjlyLXpRTThJRzBnUjJTeXNEcklfQ0dwV2IxVUhWbDNIQzE3dTBIZ3NXSFROU3c5VnU4bWJEMEpfc0JzUk4ybWozMGl0MEN3TE9Nd3JlT0dQeVJaU2hBcE5UWmp0RnVaZFk?oc=5,2026-09-23T13:15:00+00:00,english,group_0322
951fae74665c2dac1525a17b30de2285,PIB via Google News,NIWS–IITTM Goa observes 11th Ayurveda Day - PIB,NIWS–IITTM Goa observes 11th Ayurveda Day PIB,https://news.google.com/rss/articles/CBMia0FVX3lxTE1aOEpvY2VFUGZ4dHVXOTJ1UmVuN0J3VmNJMHJzRkRNUGxobzA0dk43ckNQcVJCT0oxaE5RTjVQdkRBdk1vS2lMa0w0ay1feGRibDdxZVBKcnRsVVZBZ3pjd2dYV0RrYnIyOUFz?oc=5,2026-09-23T11:46:00+00:00,english,group_0323
e4241871570e66436005bb137922aa3b,PIB via Google News,"India Highlights Progress on Universal Health Coverage, Hepatitis Elimination and Sickle Cell Care at UNGA81 - PIB","India Highlights Progress on Universal Health Coverage, Hepatitis Elimination and Sickle Cell Care at UNGA81 PIB",https://news.google.com/rss/articles/CBMia0FVX3lxTE1LWFVLTF9ucVc1S2VyWV9JS3VkYnYyMC1jWHpGSW45WnU1dUdrSTl1VGFEWWg5Qnl0TlRNWmFqVjJfazlxcWc0SFNicnNFZ1NVbUJRMlBWT3pBdk9tbE5TMm1rRmFLYUFRb2dF?oc=5,2026-09-24T07:06:00+00:00,english,group_0324
77d3ba33d57c8cf8b422c3b3f0e24cdb,India Today,"TVK vs DMK over Veeramani POCSO probe, Election Commission rift controversy in focus",TVK vs DMK over Veeramani POCSO probe Election Commission rift controversy in focus,https://www.indiatoday.in/programme/super-6/video/tvk-vs-dmk-over-veeramani-pocso-probe-ec-rift-controversy-in-focus-3001601-2026-09-23?utm_source=rss,2026-09-23T23:42:30+05:30,english,group_0380
ae532eaf122fe225cbfdfa5db42cd7fd,India Today,"Election Commission Rift: Yogendra Yadav, Siddharth Yadav, Adil Boparai on CEC Row",Election Commission Rift Yogendra Yadav Siddharth Yadav Adil Boparai on CEC Row,https://www.indiatoday.in/india/video/election-commission-rift-yogendra-yadav-siddharth-yadav-adil-boparai-on-cec-row-ytvd-3001542-2026-09-23?utm_source=rss,2026-09-23T22:19:55+05:30,english,group_0382
239d2f1bd90347645dd20f3803124c30,India Today,"Delhi lawyers strike over 50% challan pre-deposit rule, govt puts new system on hold",Delhi lawyers strike over challan predeposit rule govt puts new system on hold,https://www.indiatoday.in/cities/delhi/story/delhi-govt-puts-new-traffic-challan-system-on-hold-lawyers-protest-3001721-2026-09-24?utm_source=rss,2026-09-24T11:06:13+05:30,english,group_0407
0d639e4a1b64aa811e4ccc4483ef13f8,India Today,TMC सिंबल फ्रीज विवाद पर सुप्रीम कोर्ट सख्त... चुनाव आयोग से पूछा- 'बताएं अंतिम फैसला लेने में कितना समय लगेगा?',TMC,https://www.aajtak.in/west-bengal/story/mamta-banerjee-election-commission-supreme-court-tmc-name-symbol-dispute-ntc-aktw-rptc-2651879-2026-09-24?utm_source=rss,2026-09-24T14:09:02+05:30,hindi,group_0436
e1211f0597a6c42d12318fcbdd390196,India Today,"एक ही दुकान, एक ही चाल... पहले कार से 3 आए, फिर स्कूटी से 2, पैसों की माला बनवाकर भागे चोरों की कहानी",,https://www.aajtak.in/india/haryana/story/sonipat-shop-theft-same-shop-targeted-twice-money-garlands-stolen-lcla-strc-2651874-2026-09-24?utm_source=rss,2026-09-24T14:09:02+05:30,hindi,group_0437
